cpu_pct_15m_mean,cpu_pct_5m_mean,icmp_loss_pct_15m_mean,icmp_loss_pct_5m_mean,icmp_rtt_sec_15m_mean,icmp_rtt_sec_5m_mean,interface_count,interfaces_with_counter_reset,interfaces_with_oper_down
0.824765735106,1.00770726467,0,0,-0.446816788587,-0.393035397408,-0.664120300573,-0.174881662288,-0.494665558606
0.840243409038,1.00787762343,0,0,-0.492670257966,-0.393035397408,-0.664120300573,-0.174881662288,-0.494665558606
0.835681330578,1.00888147678,0,0,-0.491069229008,-0.391529500662,-0.664120300573,-0.174881662288,-0.494665558606
0.82586393376,1.00791586286,0,0,-0.492670257966,-0.393035397408,-0.664120300573,-0.174881662288,-0.494665558606
0.824765735106,1.00770726467,0,0,-0.492670257966,-0.393035397408,-0.664120300573,-0.174881662288,-0.494665558606
0.835681330578,1.00888147678,0,0,-0.446048294687,-0.349183684176,-0.664120300573,-0.174881662288,-0.494665558606
0.840243409038,1.00787762343,0,0,-0.492670257966,-0.393035397408,-0.664120300573,-0.174881662288,-0.494665558606
0.824765735106,1.00770726467,0,0,-0.492670257966,-0.393035397408,-0.664120300573,-0.174881662288,-0.494665558606
0.82586393376,1.00791586286,0,0,-0.492670257966,-0.393035397408,-0.664120300573,-0.174881662288,-0.494665558606
0.835681330578,1.00888147678,0,0,-0.492670257966,-0.393035397408,-0.664120300573,-0.174881662288,-0.494665558606
0.824765735106,1.00770726467,0,0,-0.492670257966,-0.393035397408,-0.664120300573,-0.174881662288,-0.494665558606
0.824781484715,1.00513704896,0,0,-0.492670257966,-0.393035397408,-0.664120300573,-0.174881662288,-0.494665558606
0.840243409038,1.00787762343,0,0,-0.492670257966,-0.393035397408,-0.664120300573,-0.174881662288,-0.494665558606
0.82586393376,1.00791586286,0,0,-0.48786717109,-0.393035397408,-0.664120300573,-0.174881662288,-0.494665558606
0.825196683665,1.00795257189,0,0,-0.459176732149,-0.36153203749,-0.664120300573,-0.174881662288,-0.494665558606
0.852410761574,1.01175957365,0,0,-0.492670257966,-0.393035397408,-0.664120300573,-0.174881662288,-0.494665558606
0.824781484715,1.00513704896,0,0,-0.439195890743,-0.393035397408,-0.664120300573,-0.174881662288,-0.494665558606
2.11639526976,2.15768019156,0,0,-0.492670257966,-0.393035397408,0.794445890823,-0.174881662288,1.66039213924
0.0497435078184,0.167806352709,0,0,-0.363371159255,-0.29310408937,0.0651627951249,-0.174881662288,-0.0636540190381
2.37472674001,2.57223724132,0,0,-0.326483452045,-0.255215727251,2.30163095527,-0.174881662288,1.51672162605
-1.10413705927,-1.05513694408,0,0,-0.352099915385,-0.278587244742,2.30163095527,-0.174881662288,4.53380240302
-1.12135915728,-1.07586479657,0,0,-0.492670257966,-0.393035397408,-0.0320749509682,-0.174881662288,-0.350995045417
3.74388353229,3.74336090689,0,0,-0.492670257966,-0.393035397408,1.42649124043,-0.174881662288,-0.350995045417
2.96027807256,3.01788606981,0,0,-0.492670257966,-0.393035397408,1.47511011348,0.813977998817,-0.207324532228
-0.914693981089,-0.868586271692,0,0,-0.492670257966,-0.393035397408,1.76682335175,-0.174881662288,0.51102803372
0.824781484715,1.00513704896,0,0,-0.492670257966,-0.393035397408,-0.664120300573,-0.174881662288,-0.494665558606
1.28973456499,1.34238466036,0,0,-0.492670257966,-0.393035397408,1.37787236738,-0.174881662288,2.52241521837
0.823510823971,0.998216108833,0,0,-0.492670257966,-0.393035397408,-0.664120300573,-0.174881662288,-0.494665558606
0.82586393376,1.00791586286,0,0,-0.492670257966,-0.393035397408,-0.664120300573,-0.174881662288,-0.494665558606
0.825644159697,1.0073372345,0,0,-0.474418527836,-0.375868174508,-0.664120300573,-0.174881662288,-0.494665558606
0.82586393376,1.00791586286,0,0,-0.484472989697,-0.385325206071,-0.664120300573,-0.174881662288,-0.494665558606
0.825196683665,1.00795257189,0,0,-0.492670257966,-0.393035397408,-0.664120300573,-0.174881662288,-0.494665558606
0.840243409038,1.00787762343,0,0,-0.492670257966,-0.393035397408,-0.664120300573,-0.174881662288,-0.494665558606
0.823510823971,0.998216108833,0,0,0.797695041655,0.690186249638,-0.664120300573,-0.174881662288,-0.494665558606
-0.914693981089,-0.868586271692,0,0,0.430730055565,0.401174546222,0.211019414265,-0.174881662288,0.0800164941514
-0.914693981089,-0.868586271692,0,0,1.37295846965,1.42289537018,0.0165439220783,-0.174881662288,-0.0636540190381
-0.914693981089,-0.868586271692,0,0,0.199138929493,0.121439166759,-0.0806938240148,-0.174881662288,-0.350995045417
-0.914693981089,-0.868586271692,0,0,1.01736536354,0.996606119433,-0.0806938240148,-0.174881662288,-0.494665558606
-0.914693981089,-0.868586271692,0,0,1.92506644454,1.09605554051,-0.129312697061,-0.174881662288,-0.494665558606
-0.914693981089,-0.868586271692,0,0,2.43990246526,1.22797209543,0.405494906451,-0.174881662288,1.22938059967
-0.914693981089,-0.868586271692,0,0,0.449887510649,0.377441613512,-0.0806938240148,-0.174881662288,-0.207324532228
-0.914693981089,-0.868586271692,0,0,0.762609635615,0.773733401084,-0.0806938240148,-0.174881662288,-0.207324532228
-0.914693981089,-0.868586271692,0,0,1.38454077058,1.1505690027,1.0861591291,-0.174881662288,0.51102803372
0.706449185695,0.960164525252,0,0,-0.453367284212,-0.393035397408,-0.664120300573,-0.174881662288,-0.494665558606
0.712794261523,0.951804702518,0,0,-0.492670257966,-0.393035397408,-0.664120300573,-0.174881662288,-0.494665558606
0.712546076566,0.955939397802,0,0,-0.49129794743,-0.391529500662,-0.664120300573,-0.174881662288,-0.494665558606
0.705141164891,0.957593908806,0,0,-0.492670257966,-0.393035397408,-0.664120300573,-0.174881662288,-0.494665558606
0.706449185695,0.960164525252,0,0,-0.492670257966,-0.393035397408,-0.664120300573,-0.174881662288,-0.494665558606
0.712546076566,0.955939397802,0,0,-0.452708575155,-0.393035397408,-0.664120300573,-0.174881662288,-0.494665558606
0.70937482158,0.96468353565,0,0,-0.492670257966,-0.393035397408,-0.664120300573,-0.174881662288,-0.494665558606
0.712794261523,0.951804702518,0,0,-0.492670257966,-0.393035397408,-0.664120300573,-0.174881662288,-0.494665558606
0.706449185695,0.960164525252,0,0,-0.492670257966,-0.393035397408,-0.664120300573,-0.174881662288,-0.494665558606
0.705141164891,0.957593908806,0,0,-0.492670257966,-0.393035397408,-0.664120300573,-0.174881662288,-0.494665558606
0.712546076566,0.955939397802,0,0,-0.492670257966,-0.393035397408,-0.664120300573,-0.174881662288,-0.494665558606
0.706449185695,0.960164525252,0,0,-0.492670257966,-0.393035397408,-0.664120300573,-0.174881662288,-0.494665558606
0.70937482158,0.96468353565,0,0,-0.492670257966,-0.393035397408,-0.664120300573,-0.174881662288,-0.494665558606
0.712794261523,0.951804702518,0,0,-0.492670257966,-0.393035397408,-0.664120300573,-0.174881662288,-0.494665558606
0.705141164891,0.957593908806,0,0,-0.488553326358,-0.393035397408,-0.664120300573,-0.174881662288,-0.494665558606
0.703502905436,0.956190187544,0,0,-0.463961521551,-0.36153203749,-0.664120300573,-0.174881662288,-0.494665558606
0.720530184919,0.948884030645,0,0,-0.492670257966,-0.393035397408,-0.664120300573,-0.174881662288,-0.494665558606
0.70937482158,0.96468353565,0,0,-0.446835086061,-0.393035397408,-0.664120300573,-0.174881662288,-0.494665558606
2.09671287203,2.11622448658,0,0,-0.492670257966,-0.393035397408,0.794445890823,-0.174881662288,1.66039213924
0.0300611100856,0.0434392377809,0,0,-0.362300757037,-0.297922958956,0.0651627951249,-0.174881662288,-0.0636540190381
2.33290164482,2.57223724132,0,0,-0.331451216185,-0.294248570897,2.30163095527,-0.174881662288,1.51672162605
-1.10659735898,-1.06550087033,0,0,-0.360653984394,-0.294308806766,2.30163095527,-0.174881662288,4.53380240302
1.04862519276,1.41147750199,0,0,-0.492670257966,-0.393035397408,-0.664120300573,-0.174881662288,-0.494665558606
-1.12135915728,-1.07586479657,0,0,-0.492670257966,-0.393035397408,-0.0320749509682,-0.174881662288,-0.350995045417
3.75741518074,3.8159083906,0,0,-0.492670257966,-0.393035397408,1.42649124043,0.813977998817,-0.350995045417
2.98242077001,3.01788606981,0,0,-0.492670257966,-0.393035397408,1.47511011348,0.813977998817,-0.207324532228
-0.914693981089,-0.868586271692,0,0,-0.492670257966,-0.393035397408,1.76682335175,-0.174881662288,0.51102803372
0.70937482158,0.96468353565,0,0,-0.492670257966,-0.393035397408,-0.664120300573,-0.174881662288,-0.494665558606
1.38814655365,1.24565468209,0,0,-0.492670257966,-0.393035397408,1.37787236738,-0.174881662288,2.52241521837
0.708728904333,0.965276348776,0,0,-0.492670257966,-0.393035397408,-0.664120300573,-0.174881662288,-0.494665558606
0.705141164891,0.957593908806,0,0,-0.492670257966,-0.393035397408,-0.664120300573,-0.174881662288,-0.494665558606
0.706009254582,0.958509008947,0,0,-0.477025917855,-0.375868174508,-0.664120300573,-0.174881662288,-0.494665558606
0.705141164891,0.957593908806,0,0,-0.485644028022,-0.385325206071,-0.664120300573,-0.174881662288,-0.494665558606
0.703502905436,0.956190187544,0,0,-0.483887470535,-0.383397658236,-0.664120300573,-0.174881662288,-0.494665558606
0.712794261523,0.951804702518,0,0,-0.492670257966,-0.393035397408,-0.664120300573,-0.174881662288,-0.494665558606
0.708728904333,0.965276348776,0,0,0.725831713248,0.67916308546,-0.664120300573,-0.174881662288,-0.494665558606
-0.914693981089,-0.868586271692,0,0,0.394315795489,0.410631577785,0.211019414265,-0.174881662288,0.0800164941514
-0.914693981089,-0.868586271692,0,0,1.33961132362,1.53854824024,0.0165439220783,-0.174881662288,-0.0636540190381
-0.914693981089,-0.868586271692,0,0,0.545949248176,0.564473989315,-0.0806938240148,-0.174881662288,-0.350995045417
-0.914693981089,-0.868586271692,0,0,1.4145394789,0.815296151263,-0.0806938240148,-0.174881662288,-0.494665558606
-0.914693981089,-0.868586271692,0,0,2.731689993,2.38612716453,-0.129312697061,-0.174881662288,-0.494665558606
-0.914693981089,-0.868586271692,0,0,2.23149652569,0.280401627225,0.405494906451,-0.174881662288,1.22938059967
-0.914693981089,-0.868586271692,0,0,0.412519494751,0.327265133948,-0.0806938240148,-0.174881662288,-0.207324532228
-0.914693981089,-0.868586271692,0,0,0.68331753284,0.766444860835,-0.0806938240148,-0.174881662288,-0.207324532228
-0.914693981089,-0.868586271692,0,0,1.24340549349,0.133365868984,1.0861591291,-0.174881662288,0.51102803372
0.633699225905,0.806043514286,0,0,-0.458280155932,-0.393035397408,-0.664120300573,-0.174881662288,-0.494665558606
0.641080880114,0.834177428468,0,0,-0.492670257966,-0.393035397408,-0.664120300573,-0.174881662288,-0.494665558606
0.638984140078,0.835650556944,0,0,-0.491469486247,-0.393035397408,-0.664120300573,-0.174881662288,-0.494665558606
0.634174090813,0.820383384646,0,0,-0.492670257966,-0.393035397408,-0.664120300573,-0.174881662288,-0.494665558606
0.633699225905,0.806043514286,0,0,-0.491853733197,-0.392011387621,-0.664120300573,-0.174881662288,-0.494665558606
0.638984140078,0.835650556944,0,0,-0.457703785507,-0.393035397408,-0.664120300573,-0.174881662288,-0.494665558606
0.634523042811,0.793524637586,0,0,-0.492670257966,-0.393035397408,-0.664120300573,-0.174881662288,-0.494665558606
0.641080880114,0.834177428468,0,0,-0.492670257966,-0.393035397408,-0.664120300573,-0.174881662288,-0.494665558606
0.633699225905,0.806043514286,0,0,-0.492670257966,-0.393035397408,-0.664120300573,-0.174881662288,-0.494665558606
0.634174090813,0.820383384646,0,0,-0.492670257966,-0.393035397408,-0.664120300573,-0.174881662288,-0.494665558606
0.638984140078,0.835650556944,0,0,-0.492670257966,-0.393035397408,-0.664120300573,-0.174881662288,-0.494665558606
0.633699225905,0.806043514286,0,0,-0.492670257966,-0.393035397408,-0.664120300573,-0.174881662288,-0.494665558606
0.634523042811,0.793524637586,0,0,-0.492670257966,-0.393035397408,-0.664120300573,-0.174881662288,-0.494665558606
0.641080880114,0.834177428468,0,0,-0.492670257966,-0.393035397408,-0.664120300573,-0.174881662288,-0.494665558606
0.634174090813,0.820383384646,0,0,-0.489067942809,-0.393035397408,-0.664120300573,-0.174881662288,-0.494665558606
0.632815564361,0.827066534848,0,0,-0.467550113603,-0.393035397408,-0.664120300573,-0.174881662288,-0.494665558606
0.647510025252,0.843472522998,0,0,-0.492670257966,-0.393035397408,-0.664120300573,-0.174881662288,-0.494665558606
0.634523042811,0.793524637586,0,0,-0.452564482549,-0.393035397408,-0.664120300573,-0.174881662288,-0.494665558606
2.10778422075,2.11622448658,0,0,-0.492670257966,-0.393035397408,0.794445890823,-0.174881662288,1.66039213924
-0.0363669822626,-0.0394721721711,0,0,-0.364475869237,-0.300693808968,0.0651627951249,-0.174881662288,-0.0636540190381
-0.914693981089,-0.868586271692,0,0,0.580531473686,0.628444483068,3.95467263885,0.813977998817,2.52241521837
-0.914693981089,-0.868586271692,0,0,0.746045847445,0.175530977861,0.211019414265,-0.174881662288,0.0800164941514
-0.914693981089,-0.868586271692,0,0,2.20325437486,2.01658010316,0.0165439220783,-0.174881662288,-0.0636540190381
-0.914693981089,-0.868586271692,0,0,1.71036159961,0.144449269032,0.745827017777,-0.174881662288,1.51672162605
-0.914693981089,-0.868586271692,0,0,-0.492334041885,-0.393035397408,0.648589271684,-0.174881662288,-0.207324532228
2.27569967641,2.35459479019,0,0,-0.337722675335,-0.298766261133,2.30163095527,-0.174881662288,1.51672162605
-1.00510999567,-0.910041976668,0,0,-0.364187684024,-0.299067440483,2.30163095527,-0.174881662288,4.53380240302
1.04862519276,1.41147750199,0,0,-0.492670257966,-0.393035397408,-0.664120300573,-0.174881662288,-0.494665558606
-1.12135915728,-1.07586479657,0,0,-0.492670257966,-0.393035397408,-0.0320749509682,-0.174881662288,-0.350995045417
3.72881419653,3.8159083906,0,0,-0.492670257966,-0.393035397408,1.42649124043,0.813977998817,-0.350995045417
2.9538197858,3.00752214357,0,0,-0.492670257966,-0.393035397408,1.47511011348,0.813977998817,-0.207324532228
-0.914693981089,-0.868586271692,0,0,-0.492670257966,-0.393035397408,1.76682335175,-0.174881662288,0.51102803372
0.634523042811,0.793524637586,0,0,-0.492670257966,-0.393035397408,-0.664120300573,-0.174881662288,-0.494665558606
1.28112351598,1.20419897711,0,0,-0.492670257966,-0.393035397408,1.37787236738,-0.174881662288,2.52241521837
0.633932817831,0.783845359219,0,0,-0.492670257966,-0.393035397408,-0.664120300573,-0.174881662288,-0.494665558606
0.634174090813,0.820383384646,0,0,-0.492670257966,-0.393035397408,-0.664120300573,-0.174881662288,-0.494665558606
0.633981119358,0.812858901277,0,0,-0.478981460369,-0.393035397408,-0.664120300573,-0.174881662288,-0.494665558606
0.634174090813,0.820383384646,0,0,-0.486522306765,-0.393035397408,-0.664120300573,-0.174881662288,-0.494665558606
0.632815564361,0.827066534848,0,0,-0.484985318964,-0.383397658236,-0.664120300573,-0.174881662288,-0.494665558606
0.641080880114,0.834177428468,0,0,-0.492670257966,-0.393035397408,-0.664120300573,-0.174881662288,-0.494665558606
0.633932817831,0.783845359219,0,0,0.668043716573,0.636636561364,-0.664120300573,-0.174881662288,-0.494665558606
-0.914693981089,-0.868586271692,0,0,0.538349697385,0.646876659235,0.211019414265,-0.174881662288,0.0800164941514
-0.914693981089,-0.868586271692,0,0,1.53009107561,1.97489688125,0.0165439220783,-0.174881662288,-0.0636540190381
-0.914693981089,-0.868586271692,0,0,0.512861316361,0.579292013292,-0.0806938240148,-0.174881662288,-0.350995045417
-0.914693981089,-0.868586271692,0,0,1.36853658015,0.923118358248,-0.0806938240148,-0.174881662288,-0.494665558606
-0.914693981089,-0.868586271692,0,0,3.18333492551,2.43793001258,-0.129312697061,-0.174881662288,-0.494665558606
-0.914693981089,-0.868586271692,0,0,2.00134861287,0.219985049791,0.405494906451,-0.174881662288,1.22938059967
-0.914693981089,-0.868586271692,0,0,0.463037295164,0.441472343135,-0.0806938240148,-0.174881662288,-0.207324532228
-0.914693981089,-0.868586271692,0,0,0.618529227641,0.753373677084,-0.0806938240148,-0.174881662288,-0.207324532228
-0.914693981089,-0.868586271692,0,0,1.54046574327,0.727954140018,1.0861591291,-0.174881662288,0.51102803372
0.557225445444,0.300572421102,0,0,-0.46210127838,-0.393035397408,-0.664120300573,-0.174881662288,-0.494665558606
0.56238926872,0.327421512439,0,0,-0.492670257966,-0.393035397408,-0.664120300573,-0.174881662288,-0.494665558606
0.560969550423,0.339542483464,0,0,-0.491602905327,-0.393035397408,-0.664120300573,-0.174881662288,-0.494665558606
0.557067979975,0.315576643318,0,0,-0.492670257966,-0.393035397408,-0.664120300573,-0.174881662288,-0.494665558606
0.557225445444,0.300572421102,0,0,-0.491944458172,-0.392011387621,-0.664120300573,-0.174881662288,-0.494665558606
0.560969550423,0.339542483464,0,0,-0.461588949113,-0.393035397408,-0.664120300573,-0.174881662288,-0.494665558606
0.558222147577,0.286751448346,0,0,-0.492670257966,-0.393035397408,-0.664120300573,-0.174881662288,-0.494665558606
0.56238926872,0.327421512439,0,0,-0.492670257966,-0.393035397408,-0.664120300573,-0.174881662288,-0.494665558606
0.557225445444,0.300572421102,0,0,-0.492670257966,-0.393035397408,-0.664120300573,-0.174881662288,-0.494665558606
0.557067979975,0.315576643318,0,0,-0.492670257966,-0.393035397408,-0.664120300573,-0.174881662288,-0.494665558606
0.560969550423,0.339542483464,0,0,-0.492670257966,-0.393035397408,-0.664120300573,-0.174881662288,-0.494665558606
0.557225445444,0.300572421102,0,0,-0.492670257966,-0.393035397408,-0.664120300573,-0.174881662288,-0.494665558606
0.558222147577,0.286751448346,0,0,-0.492670257966,-0.393035397408,-0.664120300573,-0.174881662288,-0.494665558606
0.56238926872,0.327421512439,0,0,-0.492670257966,-0.393035397408,-0.664120300573,-0.174881662288,-0.494665558606
0.557067979975,0.315576643318,0,0,-0.489468200049,-0.393035397408,-0.664120300573,-0.174881662288,-0.494665558606
0.555553143369,0.323004669626,0,0,-0.470341240755,-0.393035397408,-0.664120300573,-0.174881662288,-0.494665558606
0.567936133897,0.336142514548,0,0,-0.492670257966,-0.393035397408,-0.664120300573,-0.174881662288,-0.494665558606
0.558222147577,0.286751448346,0,0,-0.457020679817,-0.393035397408,-0.664120300573,-0.174881662288,-0.494665558606
2.07046967505,2.03331307663,0,0,-0.492670257966,-0.393035397408,0.794445890823,-0.174881662288,1.66039213924
0.00381791310854,0.00198353280492,0,0,-0.362154377246,-0.294790693725,0.0651627951249,-0.174881662288,-0.0636540190381
-0.914693981089,-0.868586271692,0,0,0.736706511852,0.82318705021,3.95467263885,0.813977998817,2.52241521837
-0.914693981089,-0.868586271692,0,0,0.678599834174,0.143846910334,0.211019414265,-0.174881662288,0.0800164941514
-0.914693981089,-0.868586271692,0,0,2.11132862881,2.20481719636,0.0165439220783,-0.174881662288,-0.0636540190381
-0.914693981089,-0.868586271692,0,0,1.53316505121,0.138124502701,0.745827017777,-0.174881662288,1.51672162605
-0.914693981089,-0.868586271692,0,0,-0.492371399227,-0.393035397408,0.648589271684,-0.174881662288,-0.207324532228
2.28287555059,2.261319454,0,0,-0.340124218773,-0.301416639406,2.30163095527,-0.174881662288,1.51672162605
-0.885990484395,-0.671671673055,0,0,-0.366978811175,-0.301416639406,2.30163095527,-0.174881662288,4.53380240302
1.04862519276,1.41147750199,0,0,-0.492670257966,-0.393035397408,-0.664120300573,-0.174881662288,-0.494665558606
-1.12135915728,-1.07586479657,0,0,-0.492670257966,-0.393035397408,-0.0320749509682,-0.174881662288,-0.350995045417
3.74675388196,3.79518053811,0,0,-0.492670257966,-0.393035397408,1.42649124043,0.813977998817,-0.350995045417
2.94305597454,2.95570251235,0,0,-0.492670257966,-0.393035397408,1.47511011348,-0.174881662288,-0.207324532228
-0.914693981089,-0.868586271692,0,0,-0.492670257966,-0.393035397408,1.76682335175,-0.174881662288,0.51102803372
0.558222147577,0.286751448346,0,0,-0.492670257966,-0.393035397408,-0.664120300573,-0.174881662288,-0.494665558606
1.17492057821,0.955464747253,0,0,-0.492670257966,-0.393035397408,1.37787236738,-0.174881662288,2.52241521837
0.556920562643,0.277640759155,0,0,-0.492670257966,-0.393035397408,-0.664120300573,-0.174881662288,-0.494665558606
0.557067979975,0.315576643318,0,0,-0.492670257966,-0.393035397408,-0.664120300573,-0.174881662288,-0.494665558606
0.557495926148,0.308449478334,0,0,-0.48050243788,-0.393035397408,-0.664120300573,-0.174881662288,-0.494665558606
0.557067979975,0.315576643318,0,0,-0.487205412454,-0.393035397408,-0.664120300573,-0.174881662288,-0.494665558606
0.555553143369,0.323004669626,0,0,-0.485839201076,-0.383397658236,-0.664120300573,-0.174881662288,-0.494665558606
0.56238926872,0.327421512439,0,0,-0.492670257966,-0.393035397408,-0.664120300573,-0.174881662288,-0.494665558606
0.556920562643,0.277640759155,0,0,0.62373790852,0.631636984169,-0.664120300573,-0.174881662288,-0.494665558606
-0.914693981089,-0.868586271692,0,0,0.503643658969,0.649045150548,0.211019414265,-0.174881662288,0.0800164941514
-0.914693981089,-0.868586271692,0,0,1.42303133649,2.00182231506,0.0165439220783,-0.174881662288,-0.0636540190381
-0.914693981089,-0.868586271692,0,0,0.476477399596,0.56977474586,-0.0806938240148,-0.174881662288,-0.350995045417
-0.914693981089,-0.868586271692,0,0,1.259687958,0.927997463703,-0.0806938240148,-0.174881662288,-0.494665558606
-0.914693981089,-0.868586271692,0,0,2.87717549448,2.43967685281,-0.129312697061,-0.174881662288,-0.494665558606
-0.914693981089,-0.868586271692,0,0,1.82138014967,0.231851516147,0.405494906451,-0.174881662288,1.22938059967
-0.914693981089,-0.868586271692,0,0,0.433557015269,0.417498466945,-0.0806938240148,-0.174881662288,-0.207324532228
-0.914693981089,-0.868586271692,0,0,0.66883142282,0.580737674168,-0.0806938240148,-0.174881662288,-0.207324532228
-0.914693981089,-0.868586271692,0,0,1.42272393893,0.764457077131,1.0861591291,-0.174881662288,0.51102803372
0.493867646567,-0.00117968257971,0,0,-0.465158176339,-0.393035397408,-0.664120300573,-0.174881662288,-0.494665558606
0.497534636923,0.000584167846321,0,0,-0.492670257966,-0.393035397408,-0.664120300573,-0.174881662288,-0.494665558606
0.495378632864,0.00537435728309,0,0,-0.491709640591,-0.393035397408,-0.664120300573,-0.174881662288,-0.494665558606
0.492916812813,-0.000698920769107,0,0,-0.492670257966,-0.393035397408,-0.664120300573,-0.174881662288,-0.494665558606
0.493867646567,-0.00117968257971,0,0,-0.492017038151,-0.392011387621,-0.664120300573,-0.174881662288,-0.494665558606
0.495378632864,0.00537435728309,0,0,-0.464697079999,-0.393035397408,-0.664120300573,-0.174881662288,-0.494665558606
0.494123995773,-0.00121622232901,0,0,-0.492670257966,-0.393035397408,-0.664120300573,-0.174881662288,-0.494665558606
0.497534636923,0.000584167846321,0,0,-0.492670257966,-0.393035397408,-0.664120300573,-0.174881662288,-0.494665558606
0.493867646567,-0.00117968257971,0,0,-0.492670257966,-0.393035397408,-0.664120300573,-0.174881662288,-0.494665558606
0.492916812813,-0.000698920769107,0,0,-0.492670257966,-0.393035397408,-0.664120300573,-0.174881662288,-0.494665558606
0.495378632864,0.00537435728309,0,0,-0.492670257966,-0.393035397408,-0.664120300573,-0.174881662288,-0.494665558606
0.493867646567,-0.00117968257971,0,0,-0.492670257966,-0.393035397408,-0.664120300573,-0.174881662288,-0.494665558606
0.494123995773,-0.00121622232901,0,0,-0.492670257966,-0.393035397408,-0.664120300573,-0.174881662288,-0.494665558606
0.497534636923,0.000584167846321,0,0,-0.492670257966,-0.393035397408,-0.664120300573,-0.174881662288,-0.494665558606
0.492916812813,-0.000698920769107,0,0,-0.489788405841,-0.393035397408,-0.664120300573,-0.174881662288,-0.494665558606
0.491571165907,-0.000700471903402,0,0,-0.472574142476,-0.393035397408,-0.664120300573,-0.174881662288,-0.494665558606
0.501769193358,0.00278911042794,0,0,-0.492670257966,-0.393035397408,-0.664120300573,-0.174881662288,-0.494665558606
0.494123995773,-0.00121622232901,0,0,-0.460585637632,-0.393035397408,-0.664120300573,-0.174881662288,-0.494665558606
2.06128455611,2.03331307663,0,0,-0.492670257966,-0.393035397408,0.794445890823,-0.174881662288,1.66039213924
0.0359658294055,0.084894942757,0,0,-0.36340958395,-0.295995411121,0.0651627951249,-0.174881662288,-0.0636540190381
-0.914693981089,-0.868586271692,0,0,4.12424897106,5.86486911861,3.95467263885,0.813977998817,2.52241521837
-0.914693981089,-0.868586271692,0,0,0.624297201303,0.122041525458,0.211019414265,-0.174881662288,0.0800164941514
-0.914693981089,-0.868586271692,0,0,1.93461772587,2.21824979533,0.0165439220783,-0.174881662288,-0.0636540190381
-0.914693981089,-0.868586271692,0,0,1.39655672163,0.124089545032,0.745827017777,-0.174881662288,1.51672162605
-0.914693981089,-0.868586271692,0,0,-0.492401285101,-0.393035397408,0.648589271684,-0.174881662288,-0.207324532228
2.31444939695,2.27168338024,0,0,-0.342199152304,-0.298826497003,2.30163095527,-0.174881662288,1.51672162605
-0.909527351684,-0.671671673055,0,0,-0.366329860771,-0.303524894849,2.30163095527,-0.174881662288,4.53380240302
1.04862519276,1.41147750199,0,0,-0.492670257966,-0.393035397408,-0.664120300573,-0.174881662288,-0.494665558606
-1.12135915728,-1.07586479657,0,0,-0.492670257966,-0.393035397408,-0.0320749509682,-0.174881662288,-0.350995045417
3.72493922448,3.8159083906,0,0,-0.492670257966,-0.393035397408,1.42649124043,0.813977998817,-0.350995045417
2.97577796077,3.00752214357,0,0,-0.492670257966,-0.393035397408,1.47511011348,-0.174881662288,-0.207324532228
-0.914693981089,-0.868586271692,0,0,-0.492670257966,-0.393035397408,1.76682335175,-0.174881662288,0.51102803372
0.494123995773,-0.00121622232901,0,0,-0.492670257966,-0.393035397408,-0.664120300573,-0.174881662288,-0.494665558606
1.23462385133,1.12128756716,0,0,-0.492670257966,-0.393035397408,1.37787236738,-0.174881662288,2.52241521837
0.492898874276,-0.00219946873963,0,0,-0.492670257966,-0.393035397408,-0.664120300573,-0.174881662288,-0.494665558606
0.492916812813,-0.000698920769107,0,0,-0.492670257966,-0.393035397408,-0.664120300573,-0.174881662288,-0.494665558606
0.493859042406,-0.00055872102952,0,0,-0.481719219888,-0.393035397408,-0.664120300573,-0.174881662288,-0.494665558606
0.492916812813,-0.000698920769107,0,0,-0.487751897005,-0.393035397408,-0.664120300573,-0.174881662288,-0.494665558606
0.491571165907,-0.000700471903402,0,0,-0.486522306765,-0.383397658236,-0.664120300573,-0.174881662288,-0.494665558606
0.497534636923,0.000584167846321,0,0,-0.492670257966,-0.393035397408,-0.664120300573,-0.174881662288,-0.494665558606
0.492898874276,-0.00219946873963,0,0,0.598245258086,0.23426095094,-0.664120300573,-0.174881662288,-0.494665558606
-0.914693981089,-0.868586271692,0,0,0.495787555416,0.412679597359,0.211019414265,-0.174881662288,0.0800164941514
-0.914693981089,-0.868586271692,0,0,1.31262670826,2.00399080637,0.0165439220783,-0.174881662288,-0.0636540190381
-0.914693981089,-0.868586271692,0,0,0.451145046122,0.576942814369,-0.0806938240148,-0.174881662288,-0.350995045417
-0.914693981089,-0.868586271692,0,0,1.15843888665,0.900529907064,-0.0806938240148,-0.174881662288,-0.494665558606
-0.914693981089,-0.868586271692,0,0,2.63810402843,2.46124129421,-0.129312697061,-0.174881662288,-0.494665558606
-0.914693981089,-0.868586271692,0,0,1.67671815926,0.232152695496,0.405494906451,-0.174881662288,1.22938059967
-0.914693981089,-0.868586271692,0,0,0.406118289877,0.215166180206,-0.0806938240148,-0.174881662288,-0.207324532228
-0.914693981089,-0.868586271692,0,0,0.626291792289,0.597423010109,-0.0806938240148,-0.174881662288,-0.207324532228
-0.914693981089,-0.868586271692,0,0,1.44190834121,0.998654139007,1.0861591291,-0.174881662288,0.51102803372
0.435600164308,0.0173306662481,0,0,-0.467659274668,-0.393035397408,-0.664120300573,-0.174881662288,-0.494665558606
0.440523513256,0.0162476186824,0,0,-0.492670257966,-0.393035397408,-0.664120300573,-0.174881662288,-0.494665558606
0.438544638978,0.0173287351031,0,0,-0.491796969443,-0.393035397408,-0.664120300573,-0.174881662288,-0.494665558606
0.435519723019,0.0158314206776,0,0,-0.492670257966,-0.393035397408,-0.664120300573,-0.174881662288,-0.494665558606
0.435600164308,0.0173306662481,0,0,-0.492076421771,-0.392011387621,-0.664120300573,-0.174881662288,-0.494665558606
0.438544638978,0.0173287351031,0,0,-0.467240096177,-0.393035397408,-0.664120300573,-0.174881662288,-0.494665558606
0.435336733531,0.0167304429143,0,0,-0.492670257966,-0.393035397408,-0.664120300573,-0.174881662288,-0.494665558606
0.440523513256,0.0162476186824,0,0,-0.492670257966,-0.393035397408,-0.664120300573,-0.174881662288,-0.494665558606
0.435600164308,0.0173306662481,0,0,-0.489491487743,-0.387553933254,-0.664120300573,-0.174881662288,-0.494665558606
0.435519723019,0.0158314206776,0,0,-0.492670257966,-0.393035397408,-0.664120300573,-0.174881662288,-0.494665558606
0.438544638978,0.0173287351031,0,0,-0.492670257966,-0.393035397408,-0.664120300573,-0.174881662288,-0.494665558606
0.435600164308,0.0173306662481,0,0,-0.492670257966,-0.393035397408,-0.664120300573,-0.174881662288,-0.494665558606
0.435336733531,0.0167304429143,0,0,-0.492670257966,-0.393035397408,-0.664120300573,-0.174881662288,-0.494665558606
0.440523513256,0.0162476186824,0,0,-0.492670257966,-0.393035397408,-0.664120300573,-0.174881662288,-0.494665558606
0.435519723019,0.0158314206776,0,0,-0.490050392397,-0.393035397408,-0.664120300573,-0.174881662288,-0.494665558606
0.434636835296,0.0146863795598,0,0,-0.474401062066,-0.393035397408,-0.664120300573,-0.174881662288,-0.494665558606
0.444774791274,0.0179304542969,0,0,-0.492670257966,-0.393035397408,-0.664120300573,-0.174881662288,-0.494665558606
0.435336733531,0.0167304429143,0,0,-0.463502421299,-0.393035397408,-0.664120300573,-0.174881662288,-0.494665558606
2.12892043196,2.19913589653,0,0,-0.492670257966,-0.393035397408,0.794445890823,-0.174881662288,1.66039213924
0.0434809267216,0.084894942757,0,0,-0.358707798542,-0.283647057808,0.0651627951249,-0.174881662288,-0.0636540190381
-0.914693981089,-0.868586271692,0,0,3.7804702111,5.90872083185,3.95467263885,-0.174881662288,2.52241521837
-0.914693981089,-0.868586271692,0,0,0.668069915228,0.27883549461,0.211019414265,-0.174881662288,0.0800164941514
-0.914693981089,-0.868586271692,0,0,1.79052511958,1.98820900848,0.0165439220783,-0.174881662288,-0.0636540190381
-0.914693981089,-0.868586271692,0,0,1.28674243644,0.123848601552,0.745827017777,-0.174881662288,1.51672162605
-0.914693981089,-0.868586271692,0,0,-0.49242573718,-0.393035397408,0.648589271684,-0.174881662288,-0.207324532228
2.53755384852,2.78987969244,0,0,-0.346167375352,-0.296718241559,2.30163095527,-0.174881662288,1.51672162605
-0.928784788557,-0.671671673055,0,0,-0.366253011381,-0.307259518779,2.30163095527,-0.174881662288,4.53380240302
1.04862519276,1.41147750199,0,0,-0.492670257966,-0.393035397408,-0.664120300573,-0.174881662288,-0.494665558606
-1.12135915728,-1.07586479657,0,0,-0.492670257966,-0.393035397408,-0.0320749509682,-0.174881662288,-0.350995045417
3.71648474,3.74336090689,0,0,-0.492670257966,-0.393035397408,1.42649124043,0.813977998817,-0.350995045417
2.95558113673,3.00752214357,0,0,-0.492670257966,-0.393035397408,1.47511011348,-0.174881662288,-0.207324532228
-0.914693981089,-0.868586271692,0,0,-0.492670257966,-0.393035397408,1.76682335175,-0.174881662288,0.51102803372
0.435336733531,0.0167304429143,0,0,-0.492670257966,-0.393035397408,-0.664120300573,-0.174881662288,-0.494665558606
1.17074552415,1.07983186218,0,0,-0.492670257966,-0.393035397408,1.37787236738,-0.174881662288,2.52241521837
0.434696527087,0.0168471269052,0,0,-0.492670257966,-0.393035397408,-0.664120300573,-0.174881662288,-0.494665558606
0.435519723019,0.0158314206776,0,0,-0.489491487743,-0.387553933254,-0.664120300573,-0.174881662288,-0.494665558606
0.435713920962,0.0165244356977,0,0,-0.482714768804,-0.393035397408,-0.664120300573,-0.174881662288,-0.494665558606
0.435519723019,0.0158314206776,0,0,-0.488199020729,-0.393035397408,-0.664120300573,-0.174881662288,-0.494665558606
0.434636835296,0.0146863795598,0,0,-0.487081211419,-0.383397658236,-0.664120300573,-0.174881662288,-0.494665558606
0.440523513256,0.0162476186824,0,0,-0.492670257966,-0.393035397408,-0.664120300573,-0.174881662288,-0.494665558606
0.434696527087,0.0168471269052,0,0,0.572462287733,0.229984204182,-0.664120300573,-0.174881662288,-0.494665558606
-0.914693981089,-0.868586271692,0,0,0.466089923712,0.397259214684,0.211019414265,-0.174881662288,0.0800164941514
-0.914693981089,-0.868586271692,0,0,1.21979031635,0.781142413072,0.0165439220783,-0.174881662288,-0.0636540190381
-0.914693981089,-0.868586271692,0,0,0.428657866655,0.580978617647,-0.0806938240148,-0.174881662288,-0.350995045417
-0.914693981089,-0.868586271692,0,0,1.0886980652,0.924744726733,-0.0806938240148,-0.174881662288,-0.494665558606
-0.914693981089,-0.868586271692,0,0,2.43417078159,2.45973539746,-0.129312697061,-0.174881662288,-0.494665558606
-0.914693981089,-0.868586271692,0,0,1.5526122163,0.236429442253,0.405494906451,-0.174881662288,1.22938059967
-0.914693981089,-0.868586271692,0,0,0.388760225002,0.23076727049,-0.0806938240148,-0.174881662288,-0.207324532228
-0.914693981089,-0.868586271692,0,0,0.585910930987,0.258475770609,-0.0806938240148,-0.174881662288,-0.207324532228
-0.914693981089,-0.868586271692,0,0,1.33500036022,0.985161304167,1.0861591291,-0.174881662288,0.51102803372
0.387276130334,-0.0109205572151,0,0,-0.469743523277,-0.393035397408,-0.664120300573,-0.174881662288,-0.494665558606
0.390147839515,-0.00752407057853,0,0,-0.492670257966,-0.393035397408,-0.664120300573,-0.174881662288,-0.494665558606
0.38908099341,-0.00972992518566,0,0,-0.491869743487,-0.393035397408,-0.664120300573,-0.174881662288,-0.494665558606
0.386454809915,-0.0110609124135,0,0,-0.492670257966,-0.393035397408,-0.664120300573,-0.174881662288,-0.494665558606
0.387276130334,-0.0109205572151,0,0,-0.49212590812,-0.392011387621,-0.664120300573,-0.174881662288,-0.494665558606
0.38908099341,-0.00972992518566,0,0,-0.469359276326,-0.393035397408,-0.664120300573,-0.174881662288,-0.494665558606
0.387624663978,-0.0141896401063,0,0,-0.492670257966,-0.393035397408,-0.664120300573,-0.174881662288,-0.494665558606
0.390147839515,-0.00752407057853,0,0,-0.492670257966,-0.393035397408,-0.664120300573,-0.174881662288,-0.494665558606
0.387276130334,-0.0109205572151,0,0,-0.489756385261,-0.387553933254,-0.664120300573,-0.174881662288,-0.494665558606
0.386454809915,-0.0110609124135,0,0,-0.492670257966,-0.393035397408,-0.664120300573,-0.174881662288,-0.494665558606
0.38908099341,-0.00972992518566,0,0,-0.492670257966,-0.393035397408,-0.664120300573,-0.174881662288,-0.494665558606
0.387276130334,-0.0109205572151,0,0,-0.492670257966,-0.393035397408,-0.664120300573,-0.174881662288,-0.494665558606
0.387624663978,-0.0141896401063,0,0,-0.492670257966,-0.393035397408,-0.664120300573,-0.174881662288,-0.494665558606
0.390147839515,-0.00752407057853,0,0,-0.492670257966,-0.393035397408,-0.664120300573,-0.174881662288,-0.494665558606
0.386454809915,-0.0110609124135,0,0,-0.490268714528,-0.393035397408,-0.664120300573,-0.174881662288,-0.494665558606
0.38586321219,-0.01018459063,0,0,-0.475923495058,-0.393035397408,-0.664120300573,-0.174881662288,-0.494665558606
0.393010951621,-0.00593833458892,0,0,-0.492670257966,-0.393035397408,-0.664120300573,-0.174881662288,-0.494665558606
0.387624663978,-0.0141896401063,0,0,-0.465933074355,-0.393035397408,-0.664120300573,-0.174881662288,-0.494665558606
2.13361736778,2.24059160151,0,0,-0.492670257966,-0.393035397408,0.794445890823,-0.174881662288,1.66039213924
0.015299311786,0.0434392377809,0,0,-0.356454714153,-0.279852198009,0.0651627951249,-0.174881662288,-0.0636540190381
-0.914693981089,-0.868586271692,0,0,3.47480758422,5.90835941663,3.95467263885,0.813977998817,2.52241521837
-0.914693981089,-0.868586271692,0,0,0.629779124458,0.272028841319,0.211019414265,-0.174881662288,0.0800164941514
-0.914693981089,-0.868586271692,0,0,1.66257088519,0.409246152779,0.0165439220783,-0.174881662288,-0.0636540190381
-0.914693981089,-0.868586271692,0,0,1.19711974629,0.133787520073,0.745827017777,-0.174881662288,1.51672162605
-0.914693981089,-0.868586271692,0,0,-0.492446113912,-0.393035397408,0.648589271684,-0.174881662288,-0.207324532228
2.53833667116,2.88315502864,0,0,-0.347520972563,-0.296898949169,2.30163095527,-0.174881662288,1.51672162605
-0.940527128113,-0.661307746811,0,0,-0.366381093698,-0.300332393749,2.30163095527,-0.174881662288,4.53380240302
1.15195778086,1.41147750199,0,0,-0.492670257966,-0.393035397408,-0.664120300573,-0.174881662288,-0.494665558606
-1.12135915728,-1.07586479657,0,0,-0.492670257966,-0.393035397408,-0.0320749509682,-0.174881662288,-0.350995045417
3.73527248329,3.76408875938,0,0,-0.492670257966,-0.393035397408,1.42649124043,-0.174881662288,-0.350995045417
2.97750017057,3.02824999605,0,0,-0.492670257966,-0.393035397408,1.47511011348,-0.174881662288,-0.207324532228
-0.914693981089,-0.868586271692,0,0,-0.492670257966,-0.393035397408,1.76682335175,-0.174881662288,0.51102803372
0.387624663978,-0.0141896401063,0,0,-0.492670257966,-0.393035397408,-0.664120300573,-0.174881662288,-0.494665558606
1.15195778086,0.872553337301,0,0,-0.492670257966,-0.393035397408,1.37787236738,-0.174881662288,2.52241521837
0.386799999601,-0.0152677406245,0,0,-0.492670257966,-0.393035397408,-0.664120300573,-0.174881662288,-0.494665558606
0.386454809915,-0.0110609124135,0,0,-0.489756385261,-0.387553933254,-0.664120300573,-0.174881662288,-0.494665558606
0.386898591807,-0.0112116073558,0,0,-0.483544392901,-0.393035397408,-0.664120300573,-0.174881662288,-0.494665558606
0.386454809915,-0.0110609124135,0,0,-0.488571623832,-0.393035397408,-0.664120300573,-0.174881662288,-0.494665558606
0.38586321219,-0.01018459063,0,0,-0.487546965298,-0.393035397408,-0.664120300573,-0.174881662288,-0.494665558606
0.390147839515,-0.00752407057853,0,0,-0.492670257966,-0.393035397408,-0.664120300573,-0.174881662288,-0.494665558606
0.386799999601,-0.0152677406245,0,0,0.55276963154,0.236489678123,-0.664120300573,-0.174881662288,-0.494665558606
-0.914693981089,-0.868586271692,0,0,0.440576911473,0.396476148376,0.211019414265,-0.174881662288,0.0800164941514
-0.914693981089,-0.868586271692,0,0,1.14661590357,0.649828216856,0.0165439220783,-0.174881662288,-0.0636540190381
-0.914693981089,-0.868586271692,0,0,0.412526884115,0.149147666878,-0.0806938240148,-0.174881662288,-0.350995045417
-0.914693981089,-0.868586271692,0,0,1.0175976007,0.292930688148,-0.0806938240148,-0.174881662288,-0.494665558606
-0.914693981089,-0.868586271692,0,0,2.26184834007,1.17677160608,-0.129312697061,-0.174881662288,-0.494665558606
-0.914693981089,-0.868586271692,0,0,1.45324496975,0.156195263648,0.405494906451,-0.174881662288,1.22938059967
-0.914693981089,-0.868586271692,0,0,0.367126629087,0.2239606172,-0.0806938240148,-0.174881662288,-0.207324532228
-0.914693981089,-0.868586271692,0,0,0.558452052783,0.274257568503,-0.0806938240148,-0.174881662288,-0.207324532228
-0.914693981089,-0.868586271692,0,0,1.25698345062,0.995401402037,1.0861591291,-0.174881662288,0.51102803372
0.353722703935,-0.0456970468271,0,0,-0.471507118253,-0.393035397408,-0.664120300573,-0.174881662288,-0.494665558606
0.356319393678,-0.0460112050687,0,0,-0.492670257966,-0.393035397408,-0.664120300573,-0.174881662288,-0.494665558606
0.354620227265,-0.047084054531,0,0,-0.491931321524,-0.393035397408,-0.664120300573,-0.174881662288,-0.494665558606
0.352866792159,-0.0486910607519,0,0,-0.492670257966,-0.393035397408,-0.664120300573,-0.174881662288,-0.494665558606
0.353722703935,-0.0456970468271,0,0,-0.492167781185,-0.393035397408,-0.664120300573,-0.174881662288,-0.494665558606
0.354620227265,-0.047084054531,0,0,-0.47115242876,-0.393035397408,-0.664120300573,-0.174881662288,-0.494665558606
0.354296046125,-0.0455239519856,0,0,-0.492670257966,-0.393035397408,-0.664120300573,-0.174881662288,-0.494665558606
0.356319393678,-0.0460112050687,0,0,-0.492670257966,-0.393035397408,-0.664120300573,-0.174881662288,-0.494665558606
0.353722703935,-0.0456970468271,0,0,-0.489980529316,-0.387553933254,-0.664120300573,-0.174881662288,-0.494665558606
0.352866792159,-0.0486910607519,0,0,-0.492670257966,-0.393035397408,-0.664120300573,-0.174881662288,-0.494665558606
0.354620227265,-0.047084054531,0,0,-0.492670257966,-0.393035397408,-0.664120300573,-0.174881662288,-0.494665558606
0.353722703935,-0.0456970468271,0,0,-0.492670257966,-0.393035397408,-0.664120300573,-0.174881662288,-0.494665558606
0.354296046125,-0.0455239519856,0,0,-0.475054013177,-0.357134818993,-0.664120300573,-0.174881662288,-0.494665558606
0.356319393678,-0.0460112050687,0,0,-0.492670257966,-0.393035397408,-0.664120300573,-0.174881662288,-0.494665558606
0.352866792159,-0.0486910607519,0,0,-0.490453448639,-0.393035397408,-0.664120300573,-0.174881662288,-0.494665558606
0.352525150777,-0.0474018712385,0,0,-0.477211707589,-0.393035397408,-0.664120300573,-0.174881662288,-0.494665558606
0.358681655914,-0.0452721811254,0,0,-0.492670257966,-0.393035397408,-0.664120300573,-0.174881662288,-0.494665558606
0.354296046125,-0.0455239519856,0,0,-0.467989780786,-0.393035397408,-0.664120300573,-0.174881662288,-0.494665558606
2.12169437684,2.19913589653,0,0,-0.492670257966,-0.393035397408,0.794445890823,-0.174881662288,1.66039213924
-0.00854667008258,0.084894942757,0,0,-0.358390727632,-0.280153377358,0.0651627951249,-0.174881662288,-0.0636540190381
-0.914693981089,-0.868586271692,0,0,3.51091694504,6.42006313078,3.95467263885,0.813977998817,2.52241521837
-0.914693981089,-0.868586271692,0,0,0.599714263733,0.279678796787,0.211019414265,-0.174881662288,0.0800164941514
-0.914693981089,-0.868586271692,0,0,1.56133659257,0.411896531051,0.0165439220783,-0.174881662288,-0.0636540190381
-0.914693981089,-0.868586271692,0,0,1.12146250706,0.133606812464,0.745827017777,-0.174881662288,1.51672162605
-0.914693981089,-0.868586271692,0,0,-0.492463355762,-0.393035397408,0.648589271684,-0.174881662288,-0.207324532228
2.43566647145,2.74842398747,0,0,-0.351444725073,-0.299549327441,2.30163095527,-0.174881662288,1.51672162605
-0.954437284203,-0.827130566716,0,0,-0.346774646756,-0.256842095736,2.30163095527,-0.174881662288,4.53380240302
1.15195778086,1.41147750199,0,0,-0.492670257966,-0.393035397408,-0.664120300573,-0.174881662288,-0.494665558606
-1.12135915728,-1.07586479657,0,0,-0.492670257966,-0.393035397408,-0.0320749509682,-0.174881662288,-0.350995045417
3.71540083173,3.75372483314,0,0,-0.492670257966,-0.393035397408,1.42649124043,6.74713596544,-0.350995045417
2.96822673318,3.04897784854,0,0,-0.492670257966,-0.393035397408,1.47511011348,0.813977998817,-0.207324532228
-0.914693981089,-0.868586271692,0,0,-0.492670257966,-0.393035397408,1.76682335175,2.79169732103,0.51102803372
0.354296046125,-0.0455239519856,0,0,-0.492670257966,-0.393035397408,-0.664120300573,-0.174881662288,-0.494665558606
1.15195778086,0.945100821009,0,0,-0.492670257966,-0.393035397408,1.37787236738,-0.174881662288,2.52241521837
0.353510367389,-0.0466256166175,0,0,-0.492670257966,-0.393035397408,-0.664120300573,-0.174881662288,-0.494665558606
0.352866792159,-0.0486910607519,0,0,-0.489980529316,-0.387553933254,-0.664120300573,-0.174881662288,-0.494665558606
0.353480158505,-0.0467819046253,0,0,-0.484246382522,-0.393035397408,-0.664120300573,-0.174881662288,-0.494665558606
0.352866792159,-0.0486910607519,0,0,-0.488886903381,-0.393035397408,-0.664120300573,-0.174881662288,-0.494665558606
0.352525150777,-0.0474018712385,0,0,-0.487941064734,-0.393035397408,-0.664120300573,-0.174881662288,-0.494665558606
0.356319393678,-0.0460112050687,0,0,-0.492670257966,-0.393035397408,-0.664120300573,-0.174881662288,-0.494665558606
0.353510367389,-0.0466256166175,0,0,0.535219891031,0.246067181425,-0.664120300573,-0.174881662288,-0.494665558606
-0.914693981089,-0.868586271692,0,0,0.416046332829,0.146677996216,0.211019414265,-0.174881662288,0.0800164941514
-0.914693981089,-0.868586271692,0,0,1.23729185005,0.549836672948,0.0165439220783,-0.174881662288,-0.0636540190381
-0.914693981089,-0.868586271692,0,0,0.55750410289,0.493094483574,-0.0806938240148,-0.174881662288,-0.350995045417
-0.914693981089,-0.868586271692,0,0,1.08982335984,0.454121875798,-0.0806938240148,-0.174881662288,-0.494665558606
-0.914693981089,-0.868586271692,0,0,2.10999901238,0.132643038547,-0.129312697061,-0.174881662288,-0.494665558606
-0.914693981089,-0.868586271692,0,0,1.38481523268,0.208720942134,0.405494906451,-0.174881662288,1.22938059967
-0.914693981089,-0.868586271692,0,0,0.356378270719,0.121981289588,-0.0806938240148,-0.174881662288,-0.207324532228
-0.914693981089,-0.868586271692,0,0,0.53395525409,0.29232832945,-0.0806938240148,-0.174881662288,-0.207324532228
-0.914693981089,-0.868586271692,0,0,1.1821249665,0.414125258234,1.0861591291,-0.174881662288,0.51102803372
0.325696981805,-0.0425021143735,0,0,-0.473018771089,-0.393035397408,-0.664120300573,-0.174881662288,-0.494665558606
0.3278848545,-0.041760350899,0,0,-0.492670257966,-0.393035397408,-0.664120300573,-0.174881662288,-0.494665558606
0.326932323566,-0.0418800853389,0,0,-0.491984102698,-0.393035397408,-0.664120300573,-0.174881662288,-0.494665558606
0.325656586144,-0.042331278868,0,0,-0.492670257966,-0.393035397408,-0.664120300573,-0.174881662288,-0.494665558606
0.325696981805,-0.0425021143735,0,0,-0.492203672384,-0.393035397408,-0.664120300573,-0.174881662288,-0.494665558606
0.326932323566,-0.0418800853389,0,0,-0.472689416561,-0.393035397408,-0.664120300573,-0.174881662288,-0.494665558606
0.326577108513,-0.0418298341152,0,0,-0.492670257966,-0.393035397408,-0.664120300573,-0.174881662288,-0.494665558606
0.3278848545,-0.041760350899,0,0,-0.492670257966,-0.393035397408,-0.664120300573,-0.174881662288,-0.494665558606
0.325696981805,-0.0425021143735,0,0,-0.490172652791,-0.387553933254,-0.664120300573,-0.174881662288,-0.494665558606
0.325656586144,-0.042331278868,0,0,-0.492670257966,-0.393035397408,-0.664120300573,-0.174881662288,-0.494665558606
0.326932323566,-0.0418800853389,0,0,-0.492670257966,-0.393035397408,-0.664120300573,-0.174881662288,-0.494665558606
0.325696981805,-0.0425021143735,0,0,-0.492670257966,-0.393035397408,-0.664120300573,-0.174881662288,-0.494665558606
0.326577108513,-0.0418298341152,0,0,-0.476312316376,-0.357134818993,-0.664120300573,-0.174881662288,-0.494665558606
0.3278848545,-0.041760350899,0,0,-0.492670257966,-0.393035397408,-0.664120300573,-0.174881662288,-0.494665558606
0.325656586144,-0.042331278868,0,0,-0.490611792162,-0.393035397408,-0.664120300573,-0.174881662288,-0.494665558606
0.325027984487,-0.0413617888421,0,0,-0.478315889759,-0.393035397408,-0.664120300573,-0.174881662288,-0.494665558606
0.329821164775,-0.042295865332,0,0,-0.492670257966,-0.393035397408,-0.664120300573,-0.174881662288,-0.494665558606
0.326577108513,-0.0418298341152,0,0,-0.469752672014,-0.393035397408,-0.664120300573,-0.174881662288,-0.494665558606
2.09671287203,2.19913589653,0,0,-0.492670257966,-0.393035397408,0.794445890823,-0.174881662288,1.66039213924
-0.0142242848132,0.00198353280492,0,0,-0.357278100475,-0.280032905618,0.0651627951249,-0.174881662288,-0.0636540190381
-0.914693981089,-0.868586271692,0,0,3.38962369487,6.39289675349,3.95467263885,0.813977998817,2.52241521837
-0.914693981089,-0.868586271692,0,0,0.563899069988,0.273293794586,0.211019414265,-0.174881662288,0.0800164941514
-0.914693981089,-0.868586271692,0,0,1.46869085265,0.23763415965,0.0165439220783,-0.174881662288,-0.0636540190381
-0.914693981089,-0.868586271692,0,0,1.05447264043,0.144268561423,0.745827017777,-0.174881662288,1.51672162605
-0.914693981089,-0.868586271692,0,0,-0.492478134491,-0.393035397408,0.648589271684,-0.174881662288,-0.207324532228
2.34766344312,2.5204176101,0,0,-0.352118212859,-0.29979027092,2.30163095527,-0.174881662288,1.51672162605
-0.966360275138,-1.06550087033,0,0,-0.346683863136,-0.249975206576,2.30163095527,-0.174881662288,4.53380240302
1.15195778086,1.41147750199,0,0,-0.492670257966,-0.393035397408,-0.664120300573,-0.174881662288,-0.494665558606
-1.12135915728,-1.07586479657,0,0,-0.492670257966,-0.393035397408,-0.0320749509682,-0.174881662288,-0.350995045417
3.73158203371,3.76408875938,0,0,-0.492670257966,-0.393035397408,1.42649124043,6.74713596544,-0.350995045417
2.94920672383,3.01788606981,0,0,-0.492670257966,-0.393035397408,1.47511011348,0.813977998817,-0.207324532228
-0.914693981089,-0.868586271692,0,0,-0.492670257966,-0.393035397408,1.76682335175,2.79169732103,0.51102803372
0.326577108513,-0.0418298341152,0,0,-0.492670257966,-0.393035397408,-0.664120300573,-0.174881662288,-0.494665558606
1.21100497405,1.32856609204,0,0,-0.492670257966,-0.393035397408,1.37787236738,-0.174881662288,2.52241521837
0.325708409897,-0.0419196029897,0,0,-0.492670257966,-0.393035397408,-0.664120300573,-0.174881662288,-0.494665558606
0.325656586144,-0.042331278868,0,0,-0.490172652791,-0.387553933254,-0.664120300573,-0.174881662288,-0.494665558606
0.325559043871,-0.0433777970483,0,0,-0.484848087911,-0.393035397408,-0.664120300573,-0.174881662288,-0.494665558606
0.325656586144,-0.042331278868,0,0,-0.489157142994,-0.393035397408,-0.664120300573,-0.174881662288,-0.494665558606
0.325027984487,-0.0413617888421,0,0,-0.488278864251,-0.393035397408,-0.664120300573,-0.174881662288,-0.494665558606
0.3278848545,-0.041760350899,0,0,-0.492670257966,-0.393035397408,-0.664120300573,-0.174881662288,-0.494665558606
0.325708409897,-0.0419196029897,0,0,0.512821671834,0.238597933567,-0.664120300573,-0.174881662288,-0.494665558606
-0.914693981089,-0.868586271692,0,0,0.397886090068,0.139208748357,0.211019414265,-0.174881662288,0.0800164941514
-0.914693981089,-0.868586271692,0,0,1.1764984933,0.528814354379,0.0165439220783,-0.174881662288,-0.0636540190381
-0.914693981089,-0.868586271692,0,0,0.534626771379,0.503334581444,-0.0806938240148,-0.174881662288,-0.350995045417
-0.914693981089,-0.868586271692,0,0,1.0275899919,0.434725925714,-0.0806938240148,-0.174881662288,-0.494665558606
-0.914693981089,-0.868586271692,0,0,1.9785499605,0.135233180949,-0.129312697061,-0.174881662288,-0.494665558606
-0.914693981089,-0.868586271692,0,0,1.30540053683,0.207455988868,0.405494906451,-0.174881662288,1.22938059967
-0.914693981089,-0.868586271692,0,0,0.337917949387,0.108066803658,-0.0806938240148,-0.174881662288,-0.207324532228
-0.914693981089,-0.868586271692,0,0,0.510982775716,0.146196109257,-0.0806938240148,-0.174881662288,-0.207324532228
-0.914693981089,-0.868586271692,0,0,1.1154288447,0.385693927677,1.0861591291,-0.174881662288,0.51102803372
0.294872851831,-0.0546003987641,0,0,-0.474328870215,-0.393035397408,-0.664120300573,-0.174881662288,-0.494665558606
0.297602050154,-0.0504021518841,0,0,-0.492670257966,-0.393035397408,-0.664120300573,-0.174881662288,-0.494665558606
0.29639715754,-0.0497186509483,0,0,-0.492029846383,-0.393035397408,-0.664120300573,-0.174881662288,-0.494665558606
0.294660397734,-0.0533323412964,0,0,-0.492670257966,-0.393035397408,-0.664120300573,-0.174881662288,-0.494665558606
0.294872851831,-0.0546003987641,0,0,-0.49223477809,-0.393035397408,-0.664120300573,-0.174881662288,-0.494665558606
0.29639715754,-0.0497186509483,0,0,-0.474021472654,-0.393035397408,-0.664120300573,-0.174881662288,-0.494665558606
0.295323015658,-0.0537601192614,0,0,-0.492670257966,-0.393035397408,-0.664120300573,-0.174881662288,-0.494665558606
0.29758187663,-0.0504625148451,0,0,-0.492670257966,-0.393035397408,-0.664120300573,-0.174881662288,-0.494665558606
0.294872851831,-0.0546003987641,0,0,-0.490339159802,-0.387553933254,-0.664120300573,-0.174881662288,-0.494665558606
0.294660397734,-0.0533323412964,0,0,-0.492670257966,-0.393035397408,-0.664120300573,-0.174881662288,-0.494665558606
0.29639715754,-0.0497186509483,0,0,-0.492670257966,-0.393035397408,-0.664120300573,-0.174881662288,-0.494665558606
0.294872851831,-0.0546003987641,0,0,-0.492670257966,-0.393035397408,-0.664120300573,-0.174881662288,-0.494665558606
0.295323015658,-0.0537601192614,0,0,-0.477402845815,-0.357134818993,-0.664120300573,-0.174881662288,-0.494665558606
0.297602050154,-0.0504021518841,0,0,-0.492670257966,-0.393035397408,-0.664120300573,-0.174881662288,-0.494665558606
0.294678900008,-0.0532766697392,0,0,-0.490749023216,-0.393035397408,-0.664120300573,-0.174881662288,-0.494665558606
0.294111236694,-0.0522854327415,0,0,-0.479272847639,-0.393035397408,-0.664120300573,-0.174881662288,-0.494665558606
0.299687288828,-0.0492081619425,0,0,-0.492670257966,-0.393035397408,-0.664120300573,-0.174881662288,-0.494665558606
0.295323015658,-0.0537601192614,0,0,-0.471280511077,-0.393035397408,-0.664120300573,-0.174881662288,-0.494665558606
2.07506223452,2.15768019156,0,0,-0.492670257966,-0.393035397408,0.794445890823,-0.174881662288,1.66039213924
-0.0467002410723,-0.163839287099,0,0,-0.357799578478,-0.278527008873,0.0651627951249,-0.174881662288,-0.0636540190381
-0.914693981089,-0.868586271692,0,0,3.17335304363,0.989799466143,3.95467263885,1.30840782937,2.52241521837
-0.914693981089,-0.868586271692,0,0,0.544642808546,0.295159415332,0.211019414265,-0.174881662288,0.0800164941514
-0.914693981089,-0.868586271692,0,0,1.39239404634,0.234501894419,0.0165439220783,-0.174881662288,-0.0636540190381
-0.914693981089,-0.868586271692,0,0,0.997080784066,0.14842483644,0.745827017777,-0.174881662288,1.51672162605
-0.914693981089,-0.868586271692,0,0,-0.492490942723,-0.393035397408,0.648589271684,-0.174881662288,-0.207324532228
2.26794973231,2.23022767527,0,0,-0.354648753488,-0.304368197027,2.30163095527,-0.174881662288,1.51672162605
-0.976693533947,-1.06550087033,0,0,-0.347604226069,-0.249975206576,2.30163095527,-0.174881662288,4.53380240302
1.15195778086,1.41147750199,0,0,-0.492670257966,-0.393035397408,-0.664120300573,-0.174881662288,-0.494665558606
-1.12135915728,-1.07586479657,0,0,-0.492670257966,-0.393035397408,-0.0320749509682,-0.174881662288,-0.350995045417
3.72838364408,3.79518053811,0,0,-0.492670257966,-0.393035397408,1.42649124043,6.74713596544,-0.350995045417
2.96716691176,3.00752214357,0,0,-0.492670257966,-0.393035397408,1.47511011348,0.813977998817,-0.207324532228
-0.914693981089,-0.868586271692,0,0,-0.492670257966,-0.393035397408,1.76682335175,2.79169732103,0.51102803372
0.295323015658,-0.0537601192614,0,0,-0.492670257966,-0.393035397408,-0.664120300573,-0.174881662288,-0.494665558606
1.15195778086,1.03837615721,0,0,-0.492670257966,-0.393035397408,1.37787236738,-0.174881662288,2.52241521837
0.294761060896,-0.052993472,0,0,-0.492670257966,-0.393035397408,-0.664120300573,-0.174881662288,-0.494665558606
0.294660397734,-0.0533323412964,0,0,-0.490339159802,-0.387553933254,-0.664120300573,-0.174881662288,-0.494665558606
0.294550193528,-0.0555539870725,0,0,-0.485369565914,-0.393035397408,-0.664120300573,-0.174881662288,-0.494665558606
0.294678900008,-0.0532766697392,0,0,-0.489391350659,-0.393035397408,-0.664120300573,-0.174881662288,-0.494665558606
0.294133455497,-0.0522185785079,0,0,-0.488571623832,-0.393035397408,-0.664120300573,-0.174881662288,-0.494665558606
0.297602050154,-0.0504021518841,0,0,-0.492670257966,-0.393035397408,-0.664120300573,-0.174881662288,-0.494665558606
0.294761060896,-0.052993472,0,0,0.50119728672,0.233839299851,-0.664120300573,-0.174881662288,-0.494665558606
-0.914693981089,-0.868586271692,0,0,0.396528417511,0.105657368865,0.211019414265,-0.174881662288,0.0800164941514
-0.914693981089,-0.868586271692,0,0,1.17439794331,0.533693459835,0.0165439220783,-0.174881662288,-0.0636540190381
-0.914693981089,-0.868586271692,0,0,0.534857319549,0.527248221764,-0.0806938240148,-0.174881662288,-0.350995045417
-0.914693981089,-0.868586271692,0,0,1.01747148889,0.469301314993,-0.0806938240148,-0.174881662288,-0.494665558606
-0.914693981089,-0.868586271692,0,0,1.56835353302,0.115656523256,-0.129312697061,-0.174881662288,-0.494665558606
-0.914693981089,-0.868586271692,0,0,1.305631085,0.209142593223,0.405494906451,-0.174881662288,1.22938059967
-0.914693981089,-0.868586271692,0,0,0.334767124396,0.10752468083,-0.0806938240148,-0.174881662288,-0.207324532228
-0.914693981089,-0.868586271692,0,0,0.505757017195,0.139630399446,-0.0806938240148,-0.174881662288,-0.207324532228
-0.914693981089,-0.868586271692,0,0,1.12068021968,0.169507390879,1.0861591291,-0.174881662288,0.51102803372
0.298662706536,0.0200764537754,0,0,-0.492670257966,-0.393035397408,-0.664120300573,-0.174881662288,-0.494665558606
0.294243453037,0.00769203519975,0,0,-0.492670257966,-0.393035397408,-0.664120300573,-0.174881662288,-0.494665558606
0.296587465539,0.0126599728809,0,0,-0.492029846383,-0.393035397408,-0.664120300573,-0.174881662288,-0.494665558606
0.29720117615,0.016969497237,0,0,-0.492670257966,-0.393035397408,-0.664120300573,-0.174881662288,-0.494665558606
0.298662706536,0.0200764537754,0,0,-0.49223477809,-0.393035397408,-0.664120300573,-0.174881662288,-0.494665558606
0.296587465539,0.0126599728809,0,0,-0.474021472654,-0.393035397408,-0.664120300573,-0.174881662288,-0.494665558606
0.298277031428,0.0220864336311,0,0,-0.492670257966,-0.393035397408,-0.664120300573,-0.174881662288,-0.494665558606
0.294223391589,0.00763167223867,0,0,-0.492670257966,-0.393035397408,-0.664120300573,-0.174881662288,-0.494665558606
0.298662706536,0.0200764537754,0,0,-0.490339159802,-0.393035397408,-0.664120300573,-0.174881662288,-0.494665558606
0.29720117615,0.016969497237,0,0,-0.492670257966,-0.393035397408,-0.664120300573,-0.174881662288,-0.494665558606
0.296587465539,0.0126599728809,0,0,-0.492670257966,-0.393035397408,-0.664120300573,-0.174881662288,-0.494665558606
0.298662706536,0.0200764537754,0,0,-0.492670257966,-0.393035397408,-0.664120300573,-0.174881662288,-0.494665558606
0.298277031428,0.0220864336311,0,0,-0.477402845815,-0.357134818993,-0.664120300573,-0.174881662288,-0.494665558606
0.294243453037,0.00769203519975,0,0,-0.492670257966,-0.393035397408,-0.664120300573,-0.174881662288,-0.494665558606
0.297219678424,0.0170251687942,0,0,-0.492670257966,-0.393035397408,-0.664120300573,-0.174881662288,-0.494665558606
0.295581806385,0.013205301952,0,0,-0.479272847639,-0.393035397408,-0.664120300573,-0.174881662288,-0.494665558606
0.294083357562,0.00164553753297,0,0,-0.492670257966,-0.393035397408,-0.664120300573,-0.174881662288,-0.494665558606
0.298277031428,0.0220864336311,0,0,-0.492670257966,-0.393035397408,-0.664120300573,-0.174881662288,-0.494665558606
2.07506223452,2.03331307663,0,0,-0.492670257966,-0.393035397408,0.794445890823,-0.174881662288,1.66039213924
-0.0467002410723,-0.246750697051,0,0,-0.359900128472,-0.290152531749,0.0651627951249,-0.174881662288,-0.0636540190381
-0.914693981089,-0.868586271692,0,0,3.18472675335,0.980342434581,3.95467263885,1.30840782937,2.52241521837
-0.914693981089,-0.868586271692,0,0,0.250335261226,0.142822900547,0.211019414265,-0.174881662288,0.0800164941514
-0.914693981089,-0.868586271692,0,0,1.12429214102,0.222274012845,0.0165439220783,-0.174881662288,-0.0636540190381
-0.914693981089,-0.868586271692,0,0,0.795223052943,0.148063421222,0.745827017777,-0.174881662288,1.51672162605
-0.914693981089,-0.868586271692,0,0,-0.492670257966,-0.393035397408,0.648589271684,-0.174881662288,-0.207324532228
2.2576164735,1.57730032189,0,0,-0.355340397998,-0.304247725287,2.30163095527,-0.174881662288,1.51672162605
-0.976693533947,-1.06550087033,0,0,-0.348014089482,-0.253107471807,2.30163095527,-0.174881662288,4.53380240302
1.15195778086,1.41147750199,0,0,-0.492670257966,-0.393035397408,-0.664120300573,-0.174881662288,-0.494665558606
-1.12135915728,-1.07586479657,0,0,-0.492670257966,-0.393035397408,-0.0320749509682,-0.174881662288,-0.350995045417
3.68705060884,3.75372483314,0,0,-0.492670257966,-0.393035397408,1.42649124043,6.74713596544,-0.350995045417
2.95683365295,3.01788606981,0,0,-0.492670257966,-0.393035397408,1.47511011348,0.813977998817,-0.207324532228
-0.914693981089,-0.868586271692,0,0,-0.492670257966,-0.393035397408,1.76682335175,2.79169732103,0.51102803372
0.298277031428,0.0220864336311,0,0,-0.492670257966,-0.393035397408,-0.664120300573,-0.174881662288,-0.494665558606
1.19070750139,1.28711038706,0,0,-0.492670257966,-0.393035397408,1.37787236738,-0.174881662288,2.52241521837
0.297481933088,0.0264983155775,0,0,-0.492670257966,-0.393035397408,-0.664120300573,-0.174881662288,-0.494665558606
0.29720117615,0.016969497237,0,0,-0.490339159802,-0.393035397408,-0.664120300573,-0.174881662288,-0.494665558606
0.297722145763,0.0184226578821,0,0,-0.485369565914,-0.393035397408,-0.664120300573,-0.174881662288,-0.494665558606
0.297219678424,0.0170251687942,0,0,-0.489391350659,-0.393035397408,-0.664120300573,-0.174881662288,-0.494665558606
0.295604025187,0.0132721561856,0,0,-0.488571623832,-0.393035397408,-0.664120300573,-0.174881662288,-0.494665558606
0.294243453037,0.00769203519975,0,0,-0.492670257966,-0.393035397408,-0.664120300573,-0.174881662288,-0.494665558606
0.297481933088,0.0264983155775,0,0,0.505142222074,0.247030955342,-0.664120300573,-0.174881662288,-0.494665558606
-0.914693981089,-0.868586271692,0,0,0.397629925434,0.115957702605,0.211019414265,-0.174881662288,0.0800164941514
-0.914693981089,-0.868586271692,0,0,1.17555068416,0.539596575078,0.0165439220783,-0.174881662288,-0.0636540190381
-0.914693981089,-0.868586271692,0,0,0.561677756667,0.597724189458,-0.0806938240148,-0.174881662288,-0.350995045417
-0.914693981089,-0.868586271692,0,0,1.01847053096,0.452917158401,-0.0806938240148,-0.174881662288,-0.494665558606
-0.914693981089,-0.868586271692,0,0,1.57024915131,0.115957702605,-0.129312697061,-0.174881662288,-0.494665558606
-0.914693981089,-0.868586271692,0,0,1.24048841873,1.43193075065,0.405494906451,-0.174881662288,1.22938059967
-0.914693981089,-0.868586271692,0,0,0.31017531959,0.10053731993,-0.0806938240148,-0.174881662288,-0.207324532228
-0.914693981089,-0.868586271692,0,0,0.505526469025,0.135895775517,-0.0806938240148,-0.174881662288,-0.207324532228
-0.914693981089,-0.868586271692,0,0,1.14037927999,0.52520020219,1.0861591291,-0.174881662288,0.51102803372
0.301601754006,0.104713726909,0,0,-0.492670257966,-0.393035397408,-0.664120300573,-0.174881662288,-0.494665558606
0.301015428827,0.107912867117,0,0,-0.492670257966,-0.393035397408,-0.664120300573,-0.174881662288,-0.494665558606
0.300739768482,0.105154591058,0,0,-0.492029846383,-0.393035397408,-0.664120300573,-0.174881662288,-0.494665558606
0.301352218435,0.106673870098,0,0,-0.492670257966,-0.393035397408,-0.664120300573,-0.174881662288,-0.494665558606
0.301601754006,0.104713726909,0,0,-0.49223477809,-0.393035397408,-0.664120300573,-0.174881662288,-0.494665558606
0.300739768482,0.105154591058,0,0,-0.492670257966,-0.393035397408,-0.664120300573,-0.174881662288,-0.494665558606
0.301075600541,0.101880654395,0,0,-0.492670257966,-0.393035397408,-0.664120300573,-0.174881662288,-0.494665558606
0.300995367379,0.107852504156,0,0,-0.492670257966,-0.393035397408,-0.664120300573,-0.174881662288,-0.494665558606
0.301601754006,0.104713726909,0,0,-0.490339159802,-0.393035397408,-0.664120300573,-0.174881662288,-0.494665558606
0.301352218435,0.106673870098,0,0,-0.492670257966,-0.393035397408,-0.664120300573,-0.174881662288,-0.494665558606
0.300739768482,0.105154591058,0,0,-0.492670257966,-0.393035397408,-0.664120300573,-0.174881662288,-0.494665558606
0.301601754006,0.104713726909,0,0,-0.492670257966,-0.393035397408,-0.664120300573,-0.174881662288,-0.494665558606
0.301075600541,0.101880654395,0,0,-0.477402845815,-0.357134818993,-0.664120300573,-0.174881662288,-0.494665558606
0.301015428827,0.107912867117,0,0,-0.492670257966,-0.393035397408,-0.664120300573,-0.174881662288,-0.494665558606
0.301370720709,0.106729541655,0,0,-0.492670257966,-0.393035397408,-0.664120300573,-0.174881662288,-0.494665558606
0.301214427873,0.106786671071,0,0,-0.479272847639,-0.393035397408,-0.664120300573,-0.174881662288,-0.494665558606
0.300540207995,0.10781790937,0,0,-0.492670257966,-0.393035397408,-0.664120300573,-0.174881662288,-0.494665558606
0.301075600541,0.101880654395,0,0,-0.492670257966,-0.393035397408,-0.664120300573,-0.174881662288,-0.494665558606
2.07506223452,2.03331307663,0,0,-0.492670257966,-0.393035397408,0.794445890823,-0.174881662288,1.66039213924
-0.0467002410723,-0.0809278771471,0,0,-0.363358351023,-0.297260364388,0.0651627951249,-0.174881662288,-0.0636540190381
-0.914693981089,-0.868586271692,0,0,3.18493168506,0.988534512877,3.95467263885,0.319548168264,2.52241521837
-0.914693981089,-0.868586271692,0,0,0.255509786821,0.132643038547,0.211019414265,-0.174881662288,0.0800164941514
-0.914693981089,-0.868586271692,0,0,1.12121816541,0.214684293247,0.0165439220783,-0.174881662288,-0.0636540190381
-0.914693981089,-0.868586271692,0,0,0.793148119412,0.153544885375,0.745827017777,-0.174881662288,1.51672162605
-0.914693981089,-0.868586271692,0,0,-0.492670257966,-0.393035397408,0.648589271684,-0.174881662288,-0.207324532228
2.20250575984,1.31820216579,0,0,-0.373118223556,-0.30683786769,2.30163095527,-0.174881662288,1.51672162605
-0.980137953551,-1.07586479657,0,0,-0.349679159599,-0.248228366351,2.30163095527,-0.174881662288,4.53380240302
1.28973456499,1.20419897711,0,0,-0.492670257966,-0.393035397408,-0.664120300573,-0.174881662288,-0.494665558606
-1.12135915728,-1.07586479657,0,0,-0.492670257966,-0.393035397408,-0.0320749509682,-0.174881662288,-0.350995045417
3.71460596567,3.74336090689,0,0,-0.492670257966,-0.393035397408,1.42649124043,6.74713596544,-0.350995045417
2.95338923335,2.98679429108,0,0,-0.492670257966,-0.393035397408,1.47511011348,0.813977998817,-0.207324532228
-0.914693981089,-0.868586271692,0,0,-0.492670257966,-0.393035397408,1.76682335175,2.79169732103,0.51102803372
0.301075600541,0.101880654395,0,0,-0.492670257966,-0.393035397408,-0.664120300573,-0.174881662288,-0.494665558606
1.06929171038,1.24565468209,0,0,-0.492670257966,-0.393035397408,1.37787236738,-0.174881662288,2.52241521837
0.301592726182,0.103921922944,0,0,-0.492670257966,-0.393035397408,-0.664120300573,-0.174881662288,-0.494665558606
0.301352218435,0.106673870098,0,0,-0.490339159802,-0.393035397408,-0.664120300573,-0.174881662288,-0.494665558606
0.300963555868,0.104740016735,0,0,-0.485369565914,-0.393035397408,-0.664120300573,-0.174881662288,-0.494665558606
0.301370720709,0.106729541655,0,0,-0.489391350659,-0.393035397408,-0.664120300573,-0.174881662288,-0.494665558606
0.301236646676,0.106853525305,0,0,-0.488571623832,-0.393035397408,-0.664120300573,-0.174881662288,-0.494665558606
0.301015428827,0.107912867117,0,0,-0.492670257966,-0.393035397408,-0.664120300573,-0.174881662288,-0.494665558606
0.301592726182,0.103921922944,0,0,0.497098652585,0.232634582454,-0.664120300573,-0.174881662288,-0.494665558606
-0.914693981089,-0.868586271692,0,0,0.402983766272,0.119873034144,0.211019414265,-0.174881662288,0.0800164941514
-0.914693981089,-0.868586271692,0,0,1.17191314637,0.546704407717,0.0165439220783,-0.174881662288,-0.0636540190381
-0.914693981089,-0.868586271692,0,0,0.566493651775,0.597844661198,-0.0806938240148,-0.174881662288,-0.350995045417
-0.914693981089,-0.868586271692,0,0,0.674825675242,0.457976971466,-0.0806938240148,-0.174881662288,-0.494665558606
-0.914693981089,-0.868586271692,0,0,1.73788328741,0.503033402095,-0.129312697061,-0.174881662288,-0.494665558606
-0.914693981089,-0.868586271692,0,0,0.934832778149,1.74100099872,0.405494906451,-0.174881662288,1.22938059967
-0.914693981089,-0.868586271692,0,0,0.299775035473,0.133064689635,-0.0806938240148,-0.174881662288,-0.207324532228
-0.914693981089,-0.868586271692,0,0,0.50273427452,0.120836808061,-0.0806938240148,-0.174881662288,-0.207324532228
-0.914693981089,-0.868586271692,0,0,1.90185426925,3.32273470443,1.0861591291,-0.174881662288,0.51102803372
0.232867116239,0.0867953344566,0,0,-0.492670257966,-0.393035397408,-0.664120300573,-0.174881662288,-0.494665558606
0.242031054297,0.0865489839298,0,0,-0.492670257966,-0.393035397408,-0.664120300573,-0.174881662288,-0.494665558606
0.242657179744,0.0880326559738,0,0,-0.492670257966,-0.393035397408,-0.664120300573,-0.174881662288,-0.494665558606
0.236693799827,0.0869635997085,0,0,-0.492670257966,-0.393035397408,-0.664120300573,-0.174881662288,-0.494665558606
0.232867116239,0.0867953344566,0,0,-0.49223477809,-0.393035397408,-0.664120300573,-0.174881662288,-0.494665558606
0.242657179744,0.0880326559738,0,0,-0.492670257966,-0.393035397408,-0.664120300573,-0.174881662288,-0.494665558606
0.227574578372,0.0832163805346,0,0,-0.492670257966,-0.393035397408,-0.664120300573,-0.174881662288,-0.494665558606
0.242010992849,0.0864886209687,0,0,-0.492670257966,-0.393035397408,-0.664120300573,-0.174881662288,-0.494665558606
0.232867116239,0.0867953344566,0,0,-0.490339159802,-0.393035397408,-0.664120300573,-0.174881662288,-0.494665558606
0.236693799827,0.0869635997085,0,0,-0.492670257966,-0.393035397408,-0.664120300573,-0.174881662288,-0.494665558606
0.242657179744,0.0880326559738,0,0,-0.492670257966,-0.393035397408,-0.664120300573,-0.174881662288,-0.494665558606
0.232867116239,0.0867953344566,0,0,-0.492670257966,-0.393035397408,-0.664120300573,-0.174881662288,-0.494665558606
0.227574578372,0.0832163805346,0,0,-0.477402845815,-0.393035397408,-0.664120300573,-0.174881662288,-0.494665558606
0.242031054297,0.0865489839298,0,0,-0.492670257966,-0.393035397408,-0.664120300573,-0.174881662288,-0.494665558606
0.2367123021,0.0870192712656,0,0,-0.492670257966,-0.393035397408,-0.664120300573,-0.174881662288,-0.494665558606
0.239012368401,0.0859676091232,0,0,-0.492670257966,-0.393035397408,-0.664120300573,-0.174881662288,-0.494665558606
0.245630934335,0.0873465571471,0,0,-0.492670257966,-0.393035397408,-0.664120300573,-0.174881662288,-0.494665558606
0.227574578372,0.0832163805346,0,0,-0.492670257966,-0.393035397408,-0.664120300573,-0.174881662288,-0.494665558606
2.0475068777,1.99185737165,0,0,-0.492670257966,-0.393035397408,0.794445890823,-0.174881662288,1.66039213924
-0.0467002410723,-0.0394721721711,0,0,-0.361565198589,-0.289971824139,0.0651627951249,-0.174881662288,-0.0636540190381
-0.914693981089,-0.868586271692,0,0,3.16756372291,0.379248689606,3.95467263885,1.80283765992,2.52241521837
-0.914693981089,-0.868586271692,0,0,0.249438685009,0.110717181931,0.211019414265,-0.174881662288,0.0800164941514
-0.914693981089,-0.868586271692,0,0,1.12962036539,0.207154809519,0.0165439220783,-0.174881662288,-0.0636540190381
-0.914693981089,-0.868586271692,0,0,0.281817894672,0.364009014541,0.745827017777,-0.174881662288,1.51672162605
-0.914693981089,-0.868586271692,0,0,-0.492670257966,-0.393035397408,0.648589271684,-0.174881662288,-0.207324532228
2.11639526976,1.41147750199,0,0,-0.37606411684,-0.306596924211,2.30163095527,-0.174881662288,1.51672162605
-0.983582373154,-1.07586479657,0,0,-0.35190779191,-0.292200551323,2.30163095527,-0.174881662288,4.53380240302
1.28973456499,1.20419897711,0,0,-0.492670257966,-0.393035397408,-0.664120300573,-0.174881662288,-0.494665558606
-1.12135915728,-1.07586479657,0,0,-0.492670257966,-0.393035397408,-0.0320749509682,-0.174881662288,-0.350995045417
3.70771712646,3.73299698065,0,0,-0.492670257966,-0.393035397408,1.42649124043,6.74713596544,-0.350995045417
2.97750017057,3.04897784854,0,0,-0.492670257966,-0.393035397408,1.47511011348,-0.174881662288,-0.207324532228
-0.914693981089,-0.868586271692,0,0,-0.492670257966,-0.393035397408,1.76682335175,-0.174881662288,0.51102803372
0.227574578372,0.0832163805346,0,0,-0.492670257966,-0.393035397408,-0.664120300573,-0.174881662288,-0.494665558606
1.06929171038,1.1696525563,0,0,-0.492670257966,-0.393035397408,1.37787236738,-0.174881662288,2.52241521837
0.224850177947,0.0857998655223,0,0,-0.492670257966,-0.393035397408,-0.664120300573,-0.174881662288,-0.494665558606
0.236693799827,0.0869635997085,0,0,-0.490339159802,-0.393035397408,-0.664120300573,-0.174881662288,-0.494665558606
0.234444074866,0.0858097216162,0,0,-0.492670257966,-0.393035397408,-0.664120300573,-0.174881662288,-0.494665558606
0.2367123021,0.0870192712656,0,0,-0.492670257966,-0.393035397408,-0.664120300573,-0.174881662288,-0.494665558606
0.239034587204,0.0860344633568,0,0,-0.488571623832,-0.393035397408,-0.664120300573,-0.174881662288,-0.494665558606
0.242031054297,0.0865489839298,0,0,-0.492670257966,-0.393035397408,-0.664120300573,-0.174881662288,-0.494665558606
0.224850177947,0.0857998655223,0,0,0.518616481792,0.3161817339,-0.664120300573,-0.174881662288,-0.494665558606
-0.914693981089,-0.868586271692,0,0,0.399115680308,0.124330488511,0.211019414265,-0.174881662288,0.0800164941514
-0.914693981089,-0.868586271692,0,0,1.17588369818,0.219683870442,0.0165439220783,-0.174881662288,-0.0636540190381
-0.914693981089,-0.868586271692,0,0,0.568517352379,0.243838454242,-0.0806938240148,-0.174881662288,-0.350995045417
-0.914693981089,-0.868586271692,0,0,0.679539104497,0.20004697688,-0.0806938240148,-0.174881662288,-0.494665558606
-0.914693981089,-0.868586271692,0,0,1.31761958985,0.507129441243,-0.129312697061,-0.174881662288,-0.494665558606
-0.914693981089,-0.868586271692,0,0,1.14232613121,2.23680244324,0.405494906451,-0.174881662288,1.22938059967
-0.914693981089,-0.868586271692,0,0,0.300312981203,0.122101761327,-0.0806938240148,-0.174881662288,-0.207324532228
-0.914693981089,-0.868586271692,0,0,0.514799628754,0.144208325553,-0.0806938240148,-0.174881662288,-0.207324532228
-0.914693981089,-0.868586271692,0,0,1.90556865644,3.31815677832,1.0861591291,-0.174881662288,0.51102803372
0.0542116261498,0.0515143634614,0,0,-0.492670257966,-0.393035397408,-0.664120300573,-0.174881662288,-0.494665558606
0.0638324928751,0.0528717683373,0,0,-0.492670257966,-0.393035397408,-0.664120300573,-0.174881662288,-0.494665558606
0.0669137259866,0.0501416648851,0,0,-0.492670257966,-0.393035397408,-0.664120300573,-0.174881662288,-0.494665558606
0.0592399494781,0.0514690454666,0,0,-0.492670257966,-0.393035397408,-0.664120300573,-0.174881662288,-0.494665558606
0.0542116261498,0.0515143634614,0,0,-0.49223477809,-0.393035397408,-0.664120300573,-0.174881662288,-0.494665558606
0.0669137259866,0.0501416648851,0,0,-0.492670257966,-0.393035397408,-0.664120300573,-0.174881662288,-0.494665558606
0.0478474570113,0.0455138850818,0,0,-0.492670257966,-0.393035397408,-0.664120300573,-0.174881662288,-0.494665558606
0.0638124314272,0.0528114053762,0,0,-0.492670257966,-0.393035397408,-0.664120300573,-0.174881662288,-0.494665558606
0.0542116261498,0.0515143634614,0,0,-0.490339159802,-0.393035397408,-0.664120300573,-0.174881662288,-0.494665558606
0.0592399494781,0.0514690454666,0,0,-0.492670257966,-0.393035397408,-0.664120300573,-0.174881662288,-0.494665558606
0.0669137259866,0.0501416648851,0,0,-0.492670257966,-0.393035397408,-0.664120300573,-0.174881662288,-0.494665558606
0.0542116261498,0.0515143634614,0,0,-0.492670257966,-0.393035397408,-0.664120300573,-0.174881662288,-0.494665558606
0.0478474570113,0.0455138850818,0,0,-0.477402845815,-0.393035397408,-0.664120300573,-0.174881662288,-0.494665558606
0.0638324928751,0.0528717683373,0,0,-0.492670257966,-0.393035397408,-0.664120300573,-0.174881662288,-0.494665558606
0.0592584517521,0.0515247170238,0,0,-0.492670257966,-0.393035397408,-0.664120300573,-0.174881662288,-0.494665558606
0.0618586911843,0.0509510702515,0,0,-0.492670257966,-0.393035397408,-0.664120300573,-0.174881662288,-0.494665558606
0.0669494916916,0.0540650293494,0,0,-0.492670257966,-0.393035397408,-0.664120300573,-0.174881662288,-0.494665558606
0.0478474570113,0.0455138850818,0,0,-0.492670257966,-0.393035397408,-0.664120300573,-0.174881662288,-0.494665558606
2.01995152087,1.99185737165,0,0,-0.492670257966,-0.393035397408,0.794445890823,-0.174881662288,1.66039213924
-0.0191448842464,0.084894942757,0,0,-0.360156293106,-0.292682438281,0.0651627951249,-0.174881662288,-0.0636540190381
-0.914693981089,-0.868586271692,0,0,3.17509496313,0.229381845484,3.95467263885,1.80283765992,2.52241521837
-0.914693981089,-0.868586271692,0,0,0.240908402717,0.128727707008,0.211019414265,-0.174881662288,0.0800164941514
-0.914693981089,-0.868586271692,0,0,1.14678339583,0.233538120502,0.0165439220783,-0.174881662288,-0.0636540190381
-0.914693981089,-0.868586271692,0,0,0.284866253809,0.366840100423,0.745827017777,-0.174881662288,1.51672162605
-0.914693981089,-0.868586271692,0,0,-0.492670257966,-0.393035397408,0.648589271684,-0.174881662288,-0.207324532228
2.06128455611,1.56693639565,0,0,-0.378625763174,-0.309729189441,2.30163095527,-0.174881662288,1.51672162605
-0.983582373154,-1.07586479657,0,0,-0.348859432773,-0.28955017305,2.30163095527,-0.174881662288,4.53380240302
1.28973456499,1.20419897711,0,0,-0.492670257966,-0.393035397408,-0.664120300573,-0.174881662288,-0.494665558606
-1.12135915728,-1.07586479657,0,0,-0.492670257966,-0.393035397408,-0.0320749509682,-0.174881662288,-0.350995045417
3.69738386765,3.71226912816,0,0,-0.492670257966,-0.393035397408,1.42649124043,6.74713596544,-0.350995045417
2.95338923335,3.05934177479,0,0,-0.492670257966,-0.393035397408,1.47511011348,-0.174881662288,-0.207324532228
-0.914693981089,-0.868586271692,0,0,-0.492670257966,-0.393035397408,1.76682335175,-0.174881662288,0.51102803372
0.0478474570113,0.0455138850818,0,0,-0.492670257966,-0.393035397408,-0.664120300573,-0.174881662288,-0.494665558606
1.08306938879,1.12128756716,0,0,-0.492670257966,-0.393035397408,1.37787236738,-0.174881662288,2.52241521837
0.0455376981137,0.0477645014864,0,0,-0.492670257966,-0.393035397408,-0.664120300573,-0.174881662288,-0.494665558606
0.0592399494781,0.0514690454666,0,0,-0.490339159802,-0.393035397408,-0.664120300573,-0.174881662288,-0.494665558606
0.056396058692,0.0510857356545,0,0,-0.492670257966,-0.393035397408,-0.664120300573,-0.174881662288,-0.494665558606
0.0592584517521,0.0515247170238,0,0,-0.492670257966,-0.393035397408,-0.664120300573,-0.174881662288,-0.494665558606
0.061880909987,0.0510179244851,0,0,-0.488571623832,-0.393035397408,-0.664120300573,-0.174881662288,-0.494665558606
0.0638324928751,0.0528717683373,0,0,-0.492670257966,-0.393035397408,-0.664120300573,-0.174881662288,-0.494665558606
0.0455376981137,0.0477645014864,0,0,0.518206618378,0.327686785037,-0.664120300573,-0.174881662288,-0.494665558606
-0.914693981089,-0.868586271692,0,0,0.396963897387,0.12457143199,0.211019414265,-0.174881662288,0.0800164941514
-0.914693981089,-0.868586271692,0,0,1.17701082257,0.216431133472,0.0165439220783,-0.174881662288,-0.0636540190381
-0.914693981089,-0.868586271692,0,0,0.566186254215,0.23763415965,-0.0806938240148,-0.174881662288,-0.350995045417
-0.914693981089,-0.868586271692,0,0,0.818149787633,0.540500113125,-0.0806938240148,-0.174881662288,-0.494665558606
-0.914693981089,-0.868586271692,0,0,1.31833685082,0.50447906297,-0.129312697061,-0.174881662288,-0.494665558606
-0.914693981089,-0.868586271692,0,0,1.15208600374,2.24915079655,0.405494906451,-0.174881662288,1.22938059967
-0.914693981089,-0.868586271692,0,0,0.291244753181,0.138666625529,-0.0806938240148,-0.174881662288,-0.207324532228
-0.914693981089,-0.868586271692,0,0,0.375138670621,0.134570586381,-0.0806938240148,-0.174881662288,-0.207324532228
-0.914693981089,-0.868586271692,0,0,1.91228016983,3.32586696966,1.0861591291,-0.174881662288,0.51102803372
-0.056648788064,0.0317964617673,0,0,-0.492670257966,-0.393035397408,-0.664120300573,-0.174881662288,-0.494665558606
-0.054780795499,0.0314549738522,0,0,-0.492670257966,-0.393035397408,-0.664120300573,-0.174881662288,-0.494665558606
-0.0532831434852,0.0304875738849,0,0,-0.492670257966,-0.393035397408,-0.664120300573,-0.174881662288,-0.494665558606
-0.0563425665317,0.0309690335332,0,0,-0.492670257966,-0.393035397408,-0.664120300573,-0.174881662288,-0.494665558606
-0.056648788064,0.0317964617673,0,0,-0.49223477809,-0.393035397408,-0.664120300573,-0.174881662288,-0.494665558606
-0.0532831434852,0.0304875738849,0,0,-0.492670257966,-0.393035397408,-0.664120300573,-0.174881662288,-0.494665558606
-0.0571447913757,0.0295002959069,0,0,-0.492670257966,-0.393035397408,-0.664120300573,-0.174881662288,-0.494665558606
-0.0548008569469,0.0314549738522,0,0,-0.492670257966,-0.393035397408,-0.664120300573,-0.174881662288,-0.494665558606
-0.056648788064,0.0317964617673,0,0,-0.490339159802,-0.393035397408,-0.664120300573,-0.174881662288,-0.494665558606
-0.0563425665317,0.0309690335332,0,0,-0.492670257966,-0.393035397408,-0.664120300573,-0.174881662288,-0.494665558606
-0.0532831434852,0.0304875738849,0,0,-0.485497648231,-0.376169353857,-0.664120300573,-0.174881662288,-0.494665558606
-0.056648788064,0.0317964617673,0,0,-0.492670257966,-0.393035397408,-0.664120300573,-0.174881662288,-0.494665558606
-0.0571447913757,0.0295002959069,0,0,-0.477402845815,-0.393035397408,-0.664120300573,-0.174881662288,-0.494665558606
-0.054780795499,0.0314549738522,0,0,-0.492670257966,-0.393035397408,-0.664120300573,-0.174881662288,-0.494665558606
-0.0563240642578,0.0309690335332,0,0,-0.492670257966,-0.393035397408,-0.664120300573,-0.174881662288,-0.494665558606
-0.0558042117847,0.031543533602,0,0,-0.492670257966,-0.393035397408,-0.664120300573,-0.174881662288,-0.494665558606
-0.0535404691849,0.0317880635324,0,0,-0.492670257966,-0.393035397408,-0.664120300573,-0.174881662288,-0.494665558606
-0.0571447913757,0.0295002959069,0,0,-0.492670257966,-0.393035397408,-0.664120300573,-0.174881662288,-0.494665558606
2.00617384246,1.99185737165,0,0,-0.492670257966,-0.393035397408,0.794445890823,-0.174881662288,1.66039213924
-0.0191448842464,0.167806352709,0,0,-0.361180951639,-0.295393052423,0.0651627951249,-0.174881662288,-0.0636540190381
-0.914693981089,-0.868586271692,0,0,3.22704515079,0.712955408432,3.95467263885,1.80283765992,2.52241521837
-0.914693981089,-0.868586271692,0,0,0.236809768582,0.119029731966,0.211019414265,-0.174881662288,0.0800164941514
-0.914693981089,-0.868586271692,0,0,1.15029285131,0.231490100928,0.0165439220783,-0.174881662288,-0.0636540190381
-0.914693981089,-0.868586271692,0,0,0.283585430642,0.373706989582,0.745827017777,-0.174881662288,1.51672162605
-0.914693981089,-0.868586271692,0,0,-0.492670257966,-0.393035397408,0.648589271684,-0.174881662288,-0.207324532228
2.01306268167,1.70166743682,0,0,-0.379650421708,-0.31015084053,2.30163095527,-0.174881662288,1.51672162605
-0.983582373154,-1.07586479657,0,0,-0.351344229717,-0.293284796979,2.30163095527,-0.174881662288,4.53380240302
1.28973456499,1.20419897711,0,0,-0.492670257966,-0.393035397408,-0.664120300573,-0.174881662288,-0.494665558606
-1.12135915728,-1.07586479657,0,0,-0.492670257966,-0.393035397408,-0.0320749509682,-0.174881662288,-0.350995045417
3.73182806368,3.76408875938,0,0,-0.492670257966,-0.393035397408,1.42649124043,6.74713596544,-0.350995045417
2.96716691176,3.05934177479,0,0,-0.492670257966,-0.393035397408,1.47511011348,-0.174881662288,-0.207324532228
-0.914693981089,-0.868586271692,0,0,-0.492670257966,-0.393035397408,1.76682335175,-0.174881662288,0.51102803372
-0.0571447913757,0.0295002959069,0,0,-0.492670257966,-0.393035397408,-0.664120300573,-0.174881662288,-0.494665558606
1.13818010244,1.41147750199,0,0,-0.492670257966,-0.393035397408,1.37787236738,-0.174881662288,2.52241521837
-0.057120257923,0.0297907138481,0,0,-0.492670257966,-0.393035397408,-0.664120300573,-0.174881662288,-0.494665558606
-0.0563425665317,0.0309690335332,0,0,-0.490339159802,-0.393035397408,-0.664120300573,-0.174881662288,-0.494665558606
-0.057074773214,0.0308473403112,0,0,-0.492670257966,-0.393035397408,-0.664120300573,-0.174881662288,-0.494665558606
-0.0563240642578,0.0309690335332,0,0,-0.492670257966,-0.393035397408,-0.664120300573,-0.174881662288,-0.494665558606
-0.055781992982,0.031543533602,0,0,-0.488571623832,-0.393035397408,-0.664120300573,-0.174881662288,-0.494665558606
-0.054780795499,0.0314549738522,0,0,-0.492670257966,-0.393035397408,-0.664120300573,-0.174881662288,-0.494665558606
-0.057120257923,0.0297907138481,0,0,0.345935902413,0.324735227415,-0.664120300573,-0.174881662288,-0.494665558606
-0.914693981089,-0.868586271692,0,0,0.279281864801,0.1177647787,0.211019414265,-0.174881662288,0.0800164941514
-0.914693981089,-0.868586271692,0,0,1.17493588904,0.204504431247,0.0165439220783,-0.174881662288,-0.0636540190381
-0.914693981089,-0.868586271692,0,0,0.565827623728,0.205709148643,-0.0806938240148,-0.174881662288,-0.350995045417
-0.914693981089,-0.868586271692,0,0,0.81031114985,0.51496010432,-0.0806938240148,-0.174881662288,-0.494665558606
-0.914693981089,-0.868586271692,0,0,1.33665262211,0.54555992619,-0.129312697061,-0.174881662288,-0.494665558606
-0.914693981089,-0.868586271692,0,0,1.15528806166,2.25469249658,0.405494906451,-0.174881662288,1.22938059967
-0.914693981089,-0.868586271692,0,0,0.20627494428,0.14173865489,-0.0806938240148,-0.174881662288,-0.207324532228
-0.914693981089,-0.868586271692,0,0,0.377187987688,0.129269829836,-0.0806938240148,-0.174881662288,-0.207324532228
-0.914693981089,-0.868586271692,0,0,2.67969817859,5.11240263277,1.0861591291,-0.174881662288,0.51102803372
-0.0536652696923,-0.0524136206906,0,0,-0.492670257966,-0.393035397408,-0.664120300573,-0.174881662288,-0.494665558606
-0.054475824291,-0.0413850351287,0,0,-0.492670257966,-0.393035397408,-0.664120300573,-0.174881662288,-0.494665558606
-0.0546317141297,-0.0479031467138,0,0,-0.492670257966,-0.393035397408,-0.664120300573,-0.174881662288,-0.494665558606
-0.0542250728402,-0.0494918122399,0,0,-0.492670257966,-0.393035397408,-0.664120300573,-0.174881662288,-0.494665558606
-0.0536652696923,-0.0524136206906,0,0,-0.49223477809,-0.393035397408,-0.664120300573,-0.174881662288,-0.494665558606
-0.0546317141297,-0.0479031467138,0,0,-0.492670257966,-0.393035397408,-0.664120300573,-0.174881662288,-0.494665558606
-0.0545799640214,-0.0565756041927,0,0,-0.492670257966,-0.393035397408,-0.664120300573,-0.174881662288,-0.494665558606
-0.0544958857389,-0.0413850351287,0,0,-0.492670257966,-0.393035397408,-0.664120300573,-0.174881662288,-0.494665558606
-0.0536652696923,-0.0524136206906,0,0,-0.490339159802,-0.393035397408,-0.664120300573,-0.174881662288,-0.494665558606
-0.0542250728402,-0.0494918122399,0,0,-0.492670257966,-0.393035397408,-0.664120300573,-0.174881662288,-0.494665558606
-0.0546317141297,-0.0479031467138,0,0,-0.485497648231,-0.376169353857,-0.664120300573,-0.174881662288,-0.494665558606
-0.0536652696923,-0.0524136206906,0,0,-0.492670257966,-0.393035397408,-0.664120300573,-0.174881662288,-0.494665558606
-0.0545799640214,-0.0565756041927,0,0,-0.477402845815,-0.393035397408,-0.664120300573,-0.174881662288,-0.494665558606
-0.054475824291,-0.0413850351287,0,0,-0.492670257966,-0.393035397408,-0.664120300573,-0.174881662288,-0.494665558606
-0.0542065705662,-0.0494918122399,0,0,-0.492670257966,-0.393035397408,-0.664120300573,-0.174881662288,-0.494665558606
-0.0546860774043,-0.0459696940895,0,0,-0.492670257966,-0.393035397408,-0.664120300573,-0.174881662288,-0.494665558606
-0.0541637173938,-0.036082273537,0,0,-0.492670257966,-0.393035397408,-0.664120300573,-0.174881662288,-0.494665558606
-0.0545799640214,-0.0565756041927,0,0,-0.492670257966,-0.393035397408,-0.664120300573,-0.174881662288,-0.494665558606
2.03372919929,2.03331307663,0,0,-0.492670257966,-0.393035397408,0.794445890823,-0.174881662288,1.66039213924
0.00841047257953,0.333629172613,0,0,-0.360719855299,-0.295031637204,0.0651627951249,-0.174881662288,-0.0636540190381
-0.914693981089,-0.868586271692,0,0,4.32360909701,3.25707760632,3.95467263885,1.80283765992,2.52241521837
-0.914693981089,-0.868586271692,0,0,0.238449222236,0.118427373268,0.211019414265,-0.174881662288,0.0800164941514
-0.914693981089,-0.868586271692,0,0,1.04769891563,0.232514110715,0.0165439220783,-0.174881662288,-0.0636540190381
-0.914693981089,-0.868586271692,0,0,0.285839679416,0.379610104825,0.745827017777,-0.174881662288,1.51672162605
-0.914693981089,-0.868586271692,0,0,-0.492670257966,-0.393035397408,0.648589271684,-0.174881662288,-0.207324532228
1.96484080722,1.69130351058,0,0,-0.377601104641,-0.307560698128,2.30163095527,-0.174881662288,1.51672162605
-0.983582373154,-1.07586479657,0,0,-0.356185741288,-0.297802487216,2.30163095527,-0.174881662288,4.53380240302
1.28973456499,1.20419897711,0,0,-0.492670257966,-0.393035397408,-0.664120300573,-0.174881662288,-0.494665558606
-1.12135915728,-1.07586479657,0,0,-0.492670257966,-0.393035397408,-0.0320749509682,-0.174881662288,-0.350995045417
3.70771712646,3.80554446436,0,0,-0.492670257966,-0.393035397408,1.42649124043,-0.174881662288,-0.350995045417
2.97061133137,3.05934177479,0,0,-0.492670257966,-0.393035397408,1.47511011348,-0.174881662288,-0.207324532228
-0.914693981089,-0.868586271692,0,0,-0.492670257966,-0.393035397408,1.76682335175,-0.174881662288,0.51102803372
-0.0545799640214,-0.0565756041927,0,0,-0.492670257966,-0.393035397408,-0.664120300573,-0.174881662288,-0.494665558606
1.13818010244,1.20419897711,0,0,-0.492670257966,-0.393035397408,1.37787236738,-0.174881662288,2.52241521837
-0.0545913466801,-0.0611384194516,0,0,-0.492670257966,-0.393035397408,-0.664120300573,-0.174881662288,-0.494665558606
-0.0542250728402,-0.0494918122399,0,0,-0.490339159802,-0.393035397408,-0.664120300573,-0.174881662288,-0.494665558606
-0.054344598793,-0.0519976299643,0,0,-0.492670257966,-0.393035397408,-0.664120300573,-0.174881662288,-0.494665558606
-0.0542065705662,-0.0494918122399,0,0,-0.492670257966,-0.393035397408,-0.664120300573,-0.174881662288,-0.494665558606
-0.0546638586016,-0.0459696940895,0,0,-0.488571623832,-0.393035397408,-0.664120300573,-0.174881662288,-0.494665558606
-0.054475824291,-0.0413850351287,0,0,-0.492670257966,-0.393035397408,-0.664120300573,-0.174881662288,-0.494665558606
-0.0545913466801,-0.0611384194516,0,0,0.347933986554,0.320518716528,-0.664120300573,-0.174881662288,-0.494665558606
-0.914693981089,-0.868586271692,0,0,0.267959388004,0.0962605731728,0.211019414265,-0.174881662288,0.0800164941514
-0.914693981089,-0.868586271692,0,0,0.668882655747,0.231490100928,0.0165439220783,-0.174881662288,-0.0636540190381
-0.914693981089,-0.868586271692,0,0,0.569311462742,0.139389455967,-0.0806938240148,-0.174881662288,-0.350995045417
-0.914693981089,-0.868586271692,0,0,0.813128960818,0.513755386923,-0.0806938240148,-0.174881662288,-0.494665558606
-0.914693981089,-0.868586271692,0,0,1.33626837516,0.54586110554,-0.129312697061,-0.174881662288,-0.494665558606
-0.914693981089,-0.868586271692,0,0,1.16194834213,1.04328891855,0.405494906451,-0.174881662288,1.22938059967
-0.914693981089,-0.868586271692,0,0,0.208349877811,0.138004030961,-0.0806938240148,-0.174881662288,-0.207324532228
-0.914693981089,-0.868586271692,0,0,0.407210482724,0.542548132699,-0.0806938240148,-0.174881662288,-0.207324532228
-0.914693981089,-0.868586271692,0,0,2.67191077373,4.75189095187,1.0861591291,-0.174881662288,0.51102803372
-0.0695791599211,-0.156683030574,0,0,-0.492670257966,-0.393035397408,-0.664120300573,-0.174881662288,-0.494665558606
-0.0671968776207,-0.156110599836,0,0,-0.492670257966,-0.393035397408,-0.664120300573,-0.174881662288,-0.494665558606
-0.0693043687177,-0.157487706536,0,0,-0.492670257966,-0.393035397408,-0.664120300573,-0.174881662288,-0.494665558606
-0.0688573588304,-0.156330988727,0,0,-0.492670257966,-0.393035397408,-0.664120300573,-0.174881662288,-0.494665558606
-0.0695791599211,-0.156683030574,0,0,-0.49223477809,-0.393035397408,-0.664120300573,-0.174881662288,-0.494665558606
-0.0693043687177,-0.157487706536,0,0,-0.492670257966,-0.393035397408,-0.664120300573,-0.174881662288,-0.494665558606
-0.0715189571535,-0.156417537876,0,0,-0.492670257966,-0.393035397408,-0.664120300573,-0.174881662288,-0.494665558606
-0.0672169390686,-0.156110599836,0,0,-0.492670257966,-0.393035397408,-0.664120300573,-0.174881662288,-0.494665558606
-0.0695791599211,-0.156683030574,0,0,-0.490339159802,-0.393035397408,-0.664120300573,-0.174881662288,-0.494665558606
-0.0688573588304,-0.156330988727,0,0,-0.492670257966,-0.393035397408,-0.664120300573,-0.174881662288,-0.494665558606
-0.0693043687177,-0.157487706536,0,0,-0.485497648231,-0.376169353857,-0.664120300573,-0.174881662288,-0.494665558606
-0.0695791599211,-0.156683030574,0,0,-0.492670257966,-0.393035397408,-0.664120300573,-0.174881662288,-0.494665558606
-0.0715189571535,-0.156417537876,0,0,-0.477402845815,-0.393035397408,-0.664120300573,-0.174881662288,-0.494665558606
-0.0671968776207,-0.156110599836,0,0,-0.492670257966,-0.393035397408,-0.664120300573,-0.174881662288,-0.494665558606
-0.0688388565565,-0.156330988727,0,0,-0.492670257966,-0.393035397408,-0.664120300573,-0.174881662288,-0.494665558606
-0.0686521426067,-0.156702635668,0,0,-0.492670257966,-0.393035397408,-0.664120300573,-0.174881662288,-0.494665558606
-0.0667453830991,-0.156242874627,0,0,-0.492670257966,-0.393035397408,-0.664120300573,-0.174881662288,-0.494665558606
-0.0715189571535,-0.156417537876,0,0,-0.492670257966,-0.393035397408,-0.664120300573,-0.174881662288,-0.494665558606
2.07506223452,2.11622448658,0,0,-0.492670257966,-0.393035397408,0.794445890823,-0.174881662288,1.66039213924
0.00841047257953,0.209262057685,0,0,-0.36317903578,-0.297501307867,0.0651627951249,-0.174881662288,-0.0636540190381
-0.914693981089,-0.868586271692,0,0,4.32114991652,3.24346429974,3.95467263885,1.80283765992,2.52241521837
-0.914693981089,-0.868586271692,0,0,0.387562655341,0.486046886804,0.211019414265,-0.174881662288,0.0800164941514
-0.914693981089,-0.868586271692,0,0,0.372346476117,0.231008213969,0.0165439220783,-0.174881662288,-0.0636540190381
-0.914693981089,-0.868586271692,0,0,0.285942145269,0.36443066563,0.745827017777,-0.174881662288,1.51672162605
-0.914693981089,-0.868586271692,0,0,-0.492670257966,-0.393035397408,0.648589271684,-0.174881662288,-0.207324532228
1.95106312881,1.81567062551,0,0,-0.377268090617,-0.304006781808,2.30163095527,-0.174881662288,1.51672162605
-0.983582373154,-1.07586479657,0,0,-0.349474227893,-0.293826919808,2.30163095527,-0.174881662288,4.53380240302
1.15195778086,0.996920452229,0,0,-0.492670257966,-0.393035397408,-0.664120300573,-0.174881662288,-0.494665558606
-1.12135915728,-1.07586479657,0,0,-0.492670257966,-0.393035397408,-0.0320749509682,-0.174881662288,-0.350995045417
3.71116154606,3.80554446436,0,0,-0.492670257966,-0.393035397408,1.42649124043,-0.174881662288,-0.350995045417
2.94994481375,3.00752214357,0,0,-0.492670257966,-0.393035397408,1.47511011348,5.75827630434,-0.207324532228
-0.914693981089,-0.868586271692,0,0,-0.492670257966,-0.393035397408,1.76682335175,-0.174881662288,0.51102803372
-0.0715189571535,-0.156417537876,0,0,-0.492670257966,-0.393035397408,-0.664120300573,-0.174881662288,-0.494665558606
1.15195778086,1.49438891194,0,0,-0.492670257966,-0.393035397408,1.37787236738,-0.174881662288,2.52241521837
-0.0716514077167,-0.157779236872,0,0,-0.492670257966,-0.393035397408,-0.664120300573,-0.174881662288,-0.494665558606
-0.0688573588304,-0.156330988727,0,0,-0.490339159802,-0.393035397408,-0.664120300573,-0.174881662288,-0.494665558606
-0.0696575422817,-0.15665411522,0,0,-0.492670257966,-0.393035397408,-0.664120300573,-0.174881662288,-0.494665558606
-0.0688388565565,-0.156330988727,0,0,-0.489468200049,-0.38550591368,-0.664120300573,-0.174881662288,-0.494665558606
-0.068629923804,-0.156702635668,0,0,-0.492670257966,-0.393035397408,-0.664120300573,-0.174881662288,-0.494665558606
-0.0671968776207,-0.156110599836,0,0,-0.492670257966,-0.393035397408,-0.664120300573,-0.174881662288,-0.494665558606
-0.0716514077167,-0.157779236872,0,0,0.345116175586,0.321783669794,-0.664120300573,-0.174881662288,-0.494665558606
-0.914693981089,-0.868586271692,0,0,0.266781030691,0.0903574579301,0.211019414265,-0.174881662288,0.0800164941514
-0.914693981089,-0.868586271692,0,0,0.610605201647,0.218659860655,0.0165439220783,-0.174881662288,-0.0636540190381
-0.914693981089,-0.868586271692,0,0,0.389304574848,0.147822477742,-0.0806938240148,-0.174881662288,-0.350995045417
-0.914693981089,-0.868586271692,0,0,0.556682546316,0.537488319634,-0.0806938240148,-0.174881662288,-0.494665558606
-0.914693981089,-0.868586271692,0,0,0.796913739523,0.173482958287,-0.129312697061,-0.174881662288,-0.494665558606
-0.914693981089,-0.868586271692,0,0,1.1226270709,0.721990788905,0.405494906451,-0.174881662288,1.22938059967
-0.914693981089,-0.868586271692,0,0,0.209861249148,0.115837230866,-0.0806938240148,-0.174881662288,-0.207324532228
-0.914693981089,-0.868586271692,0,0,0.410207608934,0.548872899031,-0.0806938240148,-0.174881662288,-0.207324532228
-0.914693981089,-0.868586271692,0,0,2.67447242007,1.95013993875,1.0861591291,-0.174881662288,0.51102803372
-0.0890166087379,-0.162473556536,0,0,-0.492670257966,-0.393035397408,-0.664120300573,-0.174881662288,-0.494665558606
-0.0887485318565,-0.161106430297,0,0,-0.492670257966,-0.393035397408,-0.664120300573,-0.174881662288,-0.494665558606
-0.0901668818495,-0.165784931155,0,0,-0.492670257966,-0.393035397408,-0.664120300573,-0.174881662288,-0.494665558606
-0.0893288028938,-0.160587169955,0,0,-0.492670257966,-0.393035397408,-0.664120300573,-0.174881662288,-0.494665558606
-0.0890166087379,-0.162473556536,0,0,-0.492670257966,-0.393035397408,-0.664120300573,-0.174881662288,-0.494665558606
-0.0901668818495,-0.165784931155,0,0,-0.492670257966,-0.393035397408,-0.664120300573,-0.174881662288,-0.494665558606
-0.0903700784952,-0.163140157363,0,0,-0.492670257966,-0.393035397408,-0.664120300573,-0.174881662288,-0.494665558606
-0.0887685933044,-0.161106430297,0,0,-0.492670257966,-0.393035397408,-0.664120300573,-0.174881662288,-0.494665558606
-0.0890166087379,-0.162473556536,0,0,-0.490339159802,-0.393035397408,-0.664120300573,-0.174881662288,-0.494665558606
-0.0893288028938,-0.160587169955,0,0,-0.492670257966,-0.393035397408,-0.664120300573,-0.174881662288,-0.494665558606
-0.0901668818495,-0.165784931155,0,0,-0.485497648231,-0.376169353857,-0.664120300573,-0.174881662288,-0.494665558606
-0.0890166087379,-0.162473556536,0,0,-0.492670257966,-0.393035397408,-0.664120300573,-0.174881662288,-0.494665558606
-0.0903700784952,-0.163140157363,0,0,-0.477402845815,-0.393035397408,-0.664120300573,-0.174881662288,-0.494665558606
-0.0887485318565,-0.161106430297,0,0,-0.492670257966,-0.393035397408,-0.664120300573,-0.174881662288,-0.494665558606
-0.0893103006198,-0.160587169955,0,0,-0.492670257966,-0.393035397408,-0.664120300573,-0.174881662288,-0.494665558606
-0.0893251609941,-0.160869410759,0,0,-0.492670257966,-0.393035397408,-0.664120300573,-0.174881662288,-0.494665558606
-0.0890439069114,-0.163531782498,0,0,-0.492670257966,-0.393035397408,-0.664120300573,-0.174881662288,-0.494665558606
-0.0903700784952,-0.163140157363,0,0,-0.492670257966,-0.393035397408,-0.664120300573,-0.174881662288,-0.494665558606
2.0475068777,2.11622448658,0,0,-0.492670257966,-0.393035397408,0.794445890823,-0.174881662288,1.66039213924
0.0221881509925,0.167806352709,0,0,-0.36264109005,-0.3032237155,0.0651627951249,-0.174881662288,-0.0636540190381
-0.914693981089,-0.868586271692,0,0,4.9772387756,4.88380750679,3.95467263885,0.813977998817,2.52241521837
-0.914693981089,-0.868586271692,0,0,0.383668952914,0.491166935739,0.211019414265,-0.174881662288,0.0800164941514
-0.914693981089,-0.868586271692,0,0,0.377187987688,0.247271898822,0.0165439220783,-0.174881662288,-0.0636540190381
-0.914693981089,-0.868586271692,0,0,0.331462600626,0.261186384751,0.745827017777,-0.174881662288,1.51672162605
-0.914693981089,-0.868586271692,0,0,-0.492670257966,-0.393035397408,0.648589271684,-0.174881662288,-0.207324532228
1.94072987,1.82603455175,0,0,-0.377524255251,-0.302199705713,2.30163095527,-0.174881662288,1.51672162605
-1.03869308681,-1.07586479657,0,0,-0.349192446796,-0.292682438281,2.30163095527,-0.174881662288,4.53380240302
1.15195778086,0.996920452229,0,0,-0.492670257966,-0.393035397408,-0.664120300573,-0.174881662288,-0.494665558606
-1.12135915728,-1.07586479657,0,0,-0.492670257966,-0.393035397408,-0.0320749509682,-0.174881662288,-0.350995045417
3.70771712646,3.8159083906,0,0,-0.492670257966,-0.393035397408,1.42649124043,-0.174881662288,-0.350995045417
2.97750017057,3.00752214357,0,0,-0.492670257966,-0.393035397408,1.47511011348,5.75827630434,-0.207324532228
-0.914693981089,-0.868586271692,0,0,-0.492670257966,-0.393035397408,1.76682335175,-0.174881662288,0.51102803372
-0.0903700784952,-0.163140157363,0,0,-0.492670257966,-0.393035397408,-0.664120300573,-0.174881662288,-0.494665558606
1.16573545927,1.49438891194,0,0,-0.492670257966,-0.393035397408,1.37787236738,-0.174881662288,2.52241521837
-0.0908422682379,-0.166042751094,0,0,-0.492670257966,-0.393035397408,-0.664120300573,-0.174881662288,-0.494665558606
-0.0893288028938,-0.160587169955,0,0,-0.490339159802,-0.393035397408,-0.664120300573,-0.174881662288,-0.494665558606
-0.0893180896007,-0.161310212724,0,0,-0.492670257966,-0.393035397408,-0.664120300573,-0.174881662288,-0.494665558606
-0.0893103006198,-0.160587169955,0,0,-0.489468200049,-0.38550591368,-0.664120300573,-0.174881662288,-0.494665558606
-0.0893029421914,-0.160869410759,0,0,-0.492670257966,-0.393035397408,-0.664120300573,-0.174881662288,-0.494665558606
-0.0887485318565,-0.161106430297,0,0,-0.492670257966,-0.393035397408,-0.664120300573,-0.174881662288,-0.494665558606
-0.0908422682379,-0.166042751094,0,0,0.349778371914,0.239621943354,-0.664120300573,-0.174881662288,-0.494665558606
-0.914693981089,-0.868586271692,0,0,0.161522982824,0.0881889666164,0.211019414265,-0.174881662288,0.0800164941514
-0.914693981089,-0.868586271692,0,0,0.421120222317,0.200107212749,0.0165439220783,-0.174881662288,-0.0636540190381
-0.914693981089,-0.868586271692,0,0,0.387562655341,0.153785828855,-0.0806938240148,-0.174881662288,-0.350995045417
-0.914693981089,-0.868586271692,0,0,0.499532216603,0.499840900994,-0.0806938240148,-0.174881662288,-0.494665558606
-0.914693981089,-0.868586271692,0,0,0.354824815192,0.173964845246,-0.129312697061,-0.174881662288,-0.494665558606
-0.914693981089,-0.868586271692,0,0,1.13389831477,0.200167448619,0.405494906451,-0.174881662288,1.22938059967
-0.914693981089,-0.868586271692,0,0,0.172153815111,0.140112286405,-0.0806938240148,-0.174881662288,-0.207324532228
-0.914693981089,-0.868586271692,0,0,0.425987350352,0.544535916403,-0.0806938240148,-0.174881662288,-0.207324532228
-0.914693981089,-0.868586271692,0,0,3.21841240264,3.8150424685,1.0861591291,-0.174881662288,0.51102803372
-0.0991804973988,-0.16096967829,0,0,-0.492670257966,-0.393035397408,-0.664120300573,-0.174881662288,-0.494665558606
-0.0985926750456,-0.161300145897,0,0,-0.492670257966,-0.393035397408,-0.664120300573,-0.174881662288,-0.494665558606
-0.100017268623,-0.162736772625,0,0,-0.492670257966,-0.393035397408,-0.664120300573,-0.174881662288,-0.494665558606
-0.0991461186467,-0.160991753453,0,0,-0.492670257966,-0.393035397408,-0.664120300573,-0.174881662288,-0.494665558606
-0.0991804973988,-0.16096967829,0,0,-0.492670257966,-0.393035397408,-0.664120300573,-0.174881662288,-0.494665558606
-0.100017268623,-0.162736772625,0,0,-0.492670257966,-0.393035397408,-0.664120300573,-0.174881662288,-0.494665558606
-0.100683456115,-0.16016373793,0,0,-0.492670257966,-0.393035397408,-0.664120300573,-0.174881662288,-0.494665558606
-0.0986127364935,-0.161300145897,0,0,-0.492670257966,-0.393035397408,-0.664120300573,-0.174881662288,-0.494665558606
-0.0991804973988,-0.16096967829,0,0,-0.490339159802,-0.393035397408,-0.664120300573,-0.174881662288,-0.494665558606
-0.0991461186467,-0.160991753453,0,0,-0.492670257966,-0.393035397408,-0.664120300573,-0.174881662288,-0.494665558606
-0.100017268623,-0.162736772625,0,0,-0.485497648231,-0.376169353857,-0.664120300573,-0.174881662288,-0.494665558606
-0.0991804973988,-0.16096967829,0,0,-0.492670257966,-0.393035397408,-0.664120300573,-0.174881662288,-0.494665558606
-0.100683456115,-0.16016373793,0,0,-0.477402845815,-0.393035397408,-0.664120300573,-0.174881662288,-0.494665558606
-0.0985926750456,-0.161300145897,0,0,-0.492670257966,-0.393035397408,-0.664120300573,-0.174881662288,-0.494665558606
-0.0991276163727,-0.160991753453,0,0,-0.492670257966,-0.393035397408,-0.664120300573,-0.174881662288,-0.494665558606
-0.0988609884438,-0.160585338995,0,0,-0.492670257966,-0.393035397408,-0.664120300573,-0.174881662288,-0.494665558606
-0.0990961963771,-0.16347293958,0,0,-0.492670257966,-0.393035397408,-0.664120300573,-0.174881662288,-0.494665558606
-0.100683456115,-0.16016373793,0,0,-0.492670257966,-0.393035397408,-0.664120300573,-0.174881662288,-0.494665558606
2.06128455611,2.15768019156,0,0,-0.492670257966,-0.393035397408,0.794445890823,-0.174881662288,1.66039213924
-0.00536720583344,0.0434392377809,0,0,-0.36371698151,-0.303163479631,0.0651627951249,-0.174881662288,-0.0636540190381
-0.914693981089,-0.868586271692,0,0,4.85889071497,4.78255100962,3.95467263885,0.813977998817,2.52241521837
-0.914693981089,-0.868586271692,0,0,1.1387654428,2.25511414767,0.211019414265,-0.174881662288,0.0800164941514
-0.914693981089,-0.868586271692,0,0,0.397578692507,0.44309871162,0.0165439220783,-0.174881662288,-0.0636540190381
-0.914693981089,-0.868586271692,0,0,0.334075479886,0.253837608633,0.745827017777,-0.174881662288,1.51672162605
-0.914693981089,-0.868586271692,0,0,-0.492670257966,-0.393035397408,0.648589271684,-0.174881662288,-0.207324532228
1.88561915635,1.73275921555,0,0,-0.380572614388,-0.305994565512,2.30163095527,-0.174881662288,1.51672162605
-1.11791473768,-1.07586479657,0,0,-0.346784499242,-0.29653753395,2.30163095527,-0.174881662288,4.53380240302
1.15195778086,0.996920452229,0,0,-0.492670257966,-0.393035397408,-0.664120300573,-0.174881662288,-0.494665558606
-1.12135915728,-1.07586479657,0,0,-0.492670257966,-0.393035397408,-0.0320749509682,-0.174881662288,-0.350995045417
3.67671735003,3.73299698065,0,0,-0.492670257966,-0.393035397408,1.42649124043,-0.174881662288,-0.350995045417
2.97061133137,3.00752214357,0,0,-0.492670257966,-0.393035397408,1.47511011348,5.75827630434,-0.207324532228
-0.914693981089,-0.868586271692,0,0,-0.492670257966,-0.393035397408,1.76682335175,-0.174881662288,0.51102803372
-0.100683456115,-0.16016373793,0,0,-0.492670257966,-0.393035397408,-0.664120300573,-0.174881662288,-0.494665558606
1.17951313768,1.24565468209,0,0,-0.492670257966,-0.393035397408,1.37787236738,-0.174881662288,2.52241521837
-0.100188338019,-0.160834822882,0,0,-0.492670257966,-0.393035397408,-0.664120300573,-0.174881662288,-0.494665558606
-0.0991461186467,-0.160991753453,0,0,-0.490339159802,-0.393035397408,-0.664120300573,-0.174881662288,-0.494665558606
-0.0995361325747,-0.160735439739,0,0,-0.492670257966,-0.393035397408,-0.664120300573,-0.174881662288,-0.494665558606
-0.0991276163727,-0.160991753453,0,0,-0.489468200049,-0.38550591368,-0.664120300573,-0.174881662288,-0.494665558606
-0.0988387696411,-0.160585338995,0,0,-0.492670257966,-0.393035397408,-0.664120300573,-0.174881662288,-0.494665558606
-0.0985926750456,-0.161300145897,0,0,-0.492670257966,-0.393035397408,-0.664120300573,-0.174881662288,-0.494665558606
-0.100188338019,-0.160834822882,0,0,0.352903580442,0.242934916194,-0.664120300573,-0.174881662288,-0.494665558606
-0.914693981089,-0.868586271692,0,0,0.158551473077,0.0884299100957,0.211019414265,-0.174881662288,0.0800164941514
-0.914693981089,-0.868586271692,0,0,0.405314864436,0.187216736607,0.0165439220783,-0.174881662288,-0.0636540190381
-0.914693981089,-0.868586271692,0,0,0.389868137042,0.155171253861,-0.0806938240148,-0.174881662288,-0.350995045417
-0.914693981089,-0.868586271692,0,0,0.489439330047,0.155050782121,-0.0806938240148,-0.174881662288,-0.494665558606
-0.914693981089,-0.868586271692,0,0,0.710611874529,1.0106410771,-0.129312697061,-0.174881662288,-0.494665558606
-0.914693981089,-0.868586271692,0,0,1.13033762636,0.180711262666,0.405494906451,-0.174881662288,1.22938059967
-0.914693981089,-0.868586271692,0,0,0.166953673053,0.125234026558,-0.0806938240148,-0.174881662288,-0.207324532228
-0.914693981089,-0.868586271692,0,0,0.362894001144,0.551944928392,-0.0806938240148,-0.174881662288,-0.207324532228
-0.914693981089,-0.868586271692,0,0,3.20644951426,3.80763345651,1.0861591291,-0.174881662288,0.51102803372
-0.10212008105,-0.137998415781,0,0,-0.492670257966,-0.393035397408,-0.664120300573,-0.174881662288,-0.494665558606
-0.10301813424,-0.144557330144,0,0,-0.492670257966,-0.393035397408,-0.664120300573,-0.174881662288,-0.494665558606
-0.1025722369,-0.14293176904,0,0,-0.492670257966,-0.393035397408,-0.664120300573,-0.174881662288,-0.494665558606
-0.102116504595,-0.138428283805,0,0,-0.492670257966,-0.393035397408,-0.664120300573,-0.174881662288,-0.494665558606
-0.10212008105,-0.137998415781,0,0,-0.492670257966,-0.393035397408,-0.664120300573,-0.174881662288,-0.494665558606
-0.1025722369,-0.14293176904,0,0,-0.492670257966,-0.393035397408,-0.664120300573,-0.174881662288,-0.494665558606
-0.102633555606,-0.138087524819,0,0,-0.492670257966,-0.393035397408,-0.664120300573,-0.174881662288,-0.494665558606
-0.103038195688,-0.144557330144,0,0,-0.492670257966,-0.393035397408,-0.664120300573,-0.174881662288,-0.494665558606
-0.10212008105,-0.137998415781,0,0,-0.490339159802,-0.393035397408,-0.664120300573,-0.174881662288,-0.494665558606
-0.102116504595,-0.138428283805,0,0,-0.492670257966,-0.393035397408,-0.664120300573,-0.174881662288,-0.494665558606
-0.1025722369,-0.14293176904,0,0,-0.485497648231,-0.393035397408,-0.664120300573,-0.174881662288,-0.494665558606
-0.10212008105,-0.137998415781,0,0,-0.492670257966,-0.393035397408,-0.664120300573,-0.174881662288,-0.494665558606
-0.102633555606,-0.138087524819,0,0,-0.477402845815,-0.393035397408,-0.664120300573,-0.174881662288,-0.494665558606
-0.10301813424,-0.144557330144,0,0,-0.492670257966,-0.393035397408,-0.664120300573,-0.174881662288,-0.494665558606
-0.102098002321,-0.138428283805,0,0,-0.492670257966,-0.393035397408,-0.664120300573,-0.174881662288,-0.494665558606
-0.102497200219,-0.141195168831,0,0,-0.492670257966,-0.393035397408,-0.664120300573,-0.174881662288,-0.494665558606
-0.10314881552,-0.146477617127,0,0,-0.492670257966,-0.393035397408,-0.664120300573,-0.174881662288,-0.494665558606
-0.102633555606,-0.138087524819,0,0,-0.492670257966,-0.393035397408,-0.664120300573,-0.174881662288,-0.494665558606
2.0475068777,2.15768019156,0,0,-0.492670257966,-0.393035397408,0.794445890823,-0.174881662288,1.66039213924
0.00841047257953,0.167806352709,0,0,-0.364844105897,-0.304609140506,0.0651627951249,-0.174881662288,-0.0636540190381
-0.914693981089,-0.868586271692,0,0,2.60036399162,4.39125879924,3.95467263885,0.813977998817,2.52241521837
-0.914693981089,-0.868586271692,0,0,1.13556338489,2.23541701823,0.211019414265,-0.174881662288,0.0800164941514
-0.914693981089,-0.868586271692,0,0,0.395888005927,0.444303429016,0.0165439220783,-0.174881662288,-0.0636540190381
-0.914693981089,-0.868586271692,0,0,0.387741970585,0.369008591736,0.745827017777,-0.174881662288,1.51672162605
-0.914693981089,-0.868586271692,0,0,-0.492670257966,-0.393035397408,0.648589271684,-0.174881662288,-0.207324532228
1.84773054071,1.77421492053,0,0,-0.383339192429,-0.307500462258,2.30163095527,-0.174881662288,1.51672162605
-1.11791473768,-1.07586479657,0,0,-0.349525460819,-0.299248148092,2.30163095527,-0.174881662288,4.53380240302
1.15195778086,0.996920452229,0,0,-0.492670257966,-0.393035397408,-0.664120300573,-0.174881662288,-0.494665558606
-1.12135915728,-1.07586479657,0,0,-0.492670257966,-0.393035397408,-0.0320749509682,-0.174881662288,-0.350995045417
3.69738386765,3.71226912816,0,0,-0.492670257966,-0.393035397408,1.42649124043,6.74713596544,-0.350995045417
2.96027807256,2.98679429108,0,0,-0.492670257966,-0.393035397408,1.47511011348,6.74713596544,-0.207324532228
-0.914693981089,-0.868586271692,0,0,-0.492670257966,-0.393035397408,1.76682335175,-0.174881662288,0.51102803372
-0.102633555606,-0.138087524819,0,0,-0.492670257966,-0.393035397408,-0.664120300573,-0.174881662288,-0.494665558606
1.24840152975,1.45293320697,0,0,-0.492670257966,-0.393035397408,1.37787236738,-0.174881662288,2.52241521837
-0.102050980252,-0.137391676992,0,0,-0.492670257966,-0.393035397408,-0.664120300573,-0.174881662288,-0.494665558606
-0.102116504595,-0.138428283805,0,0,-0.490339159802,-0.393035397408,-0.664120300573,-0.174881662288,-0.494665558606
-0.102734622915,-0.137944803191,0,0,-0.492670257966,-0.393035397408,-0.664120300573,-0.174881662288,-0.494665558606
-0.102098002321,-0.138428283805,0,0,-0.489468200049,-0.38550591368,-0.664120300573,-0.174881662288,-0.494665558606
-0.102474981417,-0.141195168831,0,0,-0.492670257966,-0.393035397408,-0.664120300573,-0.174881662288,-0.494665558606
-0.10301813424,-0.144557330144,0,0,-0.492670257966,-0.393035397408,-0.664120300573,-0.174881662288,-0.494665558606
-0.102050980252,-0.137391676992,0,0,0.351750839591,0.24793449339,-0.664120300573,-0.174881662288,-0.494665558606
-0.914693981089,-0.868586271692,0,0,0.526890599451,0.994919515078,0.211019414265,-0.174881662288,0.0800164941514
-0.914693981089,-0.868586271692,0,0,1.08453538991,1.79141842176,0.0165439220783,-0.174881662288,-0.0636540190381
-0.914693981089,-0.868586271692,0,0,0.387127175465,0.156737386476,-0.0806938240148,-0.174881662288,-0.350995045417
-0.914693981089,-0.868586271692,0,0,0.489490562973,0.146135873387,-0.0806938240148,-0.174881662288,-0.494665558606
-0.914693981089,-0.868586271692,0,0,0.794275243799,1.18586722242,-0.129312697061,-0.174881662288,-0.494665558606
-0.914693981089,-0.868586271692,0,0,5.41130974691,10.2399810515,0.405494906451,-0.174881662288,1.22938059967
-0.914693981089,-0.868586271692,0,0,0.315401078111,0.471770985656,-0.0806938240148,-0.174881662288,-0.207324532228
-0.914693981089,-0.868586271692,0,0,0.361049615784,0.55947441212,-0.0806938240148,-0.174881662288,-0.207324532228
-0.914693981089,-0.868586271692,0,0,3.55913698153,3.06661178594,1.0861591291,-0.174881662288,0.51102803372
-0.0897476799099,-0.0912378246086,0,0,-0.492670257966,-0.393035397408,-0.664120300573,-0.174881662288,-0.494665558606
-0.0921561512807,-0.0971288495632,0,0,-0.492670257966,-0.393035397408,-0.664120300573,-0.174881662288,-0.494665558606
-0.0915950048092,-0.0938902400697,0,0,-0.492670257966,-0.393035397408,-0.664120300573,-0.174881662288,-0.494665558606
-0.0907348023463,-0.0940228326875,0,0,-0.492670257966,-0.393035397408,-0.664120300573,-0.174881662288,-0.494665558606
-0.0897476799099,-0.0912378246086,0,0,-0.492670257966,-0.393035397408,-0.664120300573,-0.174881662288,-0.494665558606
-0.0915950048092,-0.0938902400697,0,0,-0.492670257966,-0.393035397408,-0.664120300573,-0.174881662288,-0.494665558606
-0.0894466456735,-0.088180037991,0,0,-0.492670257966,-0.393035397408,-0.664120300573,-0.174881662288,-0.494665558606
-0.0921762127286,-0.0971288495632,0,0,-0.492670257966,-0.393035397408,-0.664120300573,-0.174881662288,-0.494665558606
-0.0897476799099,-0.0912378246086,0,0,-0.492670257966,-0.393035397408,-0.664120300573,-0.174881662288,-0.494665558606
-0.0907348023463,-0.0940228326875,0,0,-0.492670257966,-0.393035397408,-0.664120300573,-0.174881662288,-0.494665558606
-0.0915950048092,-0.0938902400697,0,0,-0.485497648231,-0.393035397408,-0.664120300573,-0.174881662288,-0.494665558606
-0.0897476799099,-0.0912378246086,0,0,-0.492670257966,-0.393035397408,-0.664120300573,-0.174881662288,-0.494665558606
-0.0894466456735,-0.088180037991,0,0,-0.477402845815,-0.393035397408,-0.664120300573,-0.174881662288,-0.494665558606
-0.0921561512807,-0.0971288495632,0,0,-0.492670257966,-0.393035397408,-0.664120300573,-0.174881662288,-0.494665558606
-0.0907163000723,-0.0940228326875,0,0,-0.492670257966,-0.393035397408,-0.664120300573,-0.174881662288,-0.494665558606
-0.091117458994,-0.0949321324843,0,0,-0.492670257966,-0.393035397408,-0.664120300573,-0.174881662288,-0.494665558606
-0.092843013327,-0.0984518151121,0,0,-0.492670257966,-0.393035397408,-0.664120300573,-0.174881662288,-0.494665558606
-0.0894466456735,-0.088180037991,0,0,-0.492670257966,-0.393035397408,-0.664120300573,-0.174881662288,-0.494665558606
2.00617384246,2.11622448658,0,0,-0.492670257966,-0.393035397408,0.794445890823,-0.174881662288,1.66039213924
0.0497435078184,0.209262057685,0,0,-0.368327944911,-0.301537111145,0.0651627951249,-0.174881662288,-0.0636540190381
-0.914693981089,-0.868586271692,0,0,2.98758245148,2.76711904117,3.95467263885,0.319548168264,2.52241521837
-0.914693981089,-0.868586271692,0,0,1.13984133426,2.39841528198,0.211019414265,-0.174881662288,0.0800164941514
-0.914693981089,-0.868586271692,0,0,0.390047452285,0.441773522484,0.0165439220783,-0.174881662288,-0.0636540190381
-0.914693981089,-0.868586271692,0,0,0.84450912841,1.43753268655,0.745827017777,-0.174881662288,1.51672162605
-0.914693981089,-0.868586271692,0,0,-0.492670257966,-0.393035397408,0.648589271684,-0.174881662288,-0.207324532228
1.65828746253,1.86749025673,0,0,-0.383159877186,-0.309789425311,2.30163095527,-0.174881662288,1.51672162605
-1.11791473768,-1.07586479657,0,0,-0.352701902274,-0.299067440483,2.30163095527,-0.174881662288,4.53380240302
1.15195778086,0.996920452229,0,0,-0.492670257966,-0.393035397408,-0.664120300573,-0.174881662288,-0.494665558606
-1.12135915728,-1.07586479657,0,0,-0.492670257966,-0.393035397408,-0.0320749509682,-0.174881662288,-0.350995045417
3.69049502844,3.69154127567,0,0,-0.492670257966,-0.393035397408,1.42649124043,6.74713596544,-0.350995045417
2.98438900978,3.04897784854,0,0,-0.492670257966,-0.393035397408,1.47511011348,6.74713596544,-0.207324532228
-0.914693981089,-0.868586271692,0,0,-0.492670257966,-0.393035397408,1.76682335175,-0.174881662288,0.51102803372
-0.0894466456735,-0.088180037991,0,0,-0.492670257966,-0.393035397408,-0.664120300573,-0.174881662288,-0.494665558606
1.23462385133,1.37002179701,0,0,-0.492670257966,-0.393035397408,1.37787236738,-0.174881662288,2.52241521837
-0.0887939993434,-0.086065354843,0,0,-0.492670257966,-0.393035397408,-0.664120300573,-0.174881662288,-0.494665558606
-0.0907348023463,-0.0940228326875,0,0,-0.492670257966,-0.393035397408,-0.664120300573,-0.174881662288,-0.494665558606
-0.090569779055,-0.0924736364472,0,0,-0.492670257966,-0.393035397408,-0.664120300573,-0.174881662288,-0.494665558606
-0.0907163000723,-0.0940228326875,0,0,-0.489468200049,-0.38550591368,-0.664120300573,-0.174881662288,-0.494665558606
-0.0910952401912,-0.0949321324843,0,0,-0.492670257966,-0.393035397408,-0.664120300573,-0.174881662288,-0.494665558606
-0.0921561512807,-0.0971288495632,0,0,-0.492670257966,-0.393035397408,-0.664120300573,-0.174881662288,-0.494665558606
-0.0887939993434,-0.086065354843,0,0,0.347242342043,0.228357835697,-0.664120300573,-0.174881662288,-0.494665558606
-0.914693981089,-0.868586271692,0,0,0.532423755532,1.01913433475,0.211019414265,-0.174881662288,0.0800164941514
-0.914693981089,-0.868586271692,0,0,1.08996608014,1.77129964124,0.0165439220783,-0.174881662288,-0.0636540190381
-0.914693981089,-0.868586271692,0,0,0.386051284004,0.150051204926,-0.0806938240148,-0.174881662288,-0.350995045417
-0.914693981089,-0.868586271692,0,0,0.481728774581,0.145473278819,-0.0806938240148,-0.174881662288,-0.494665558606
-0.914693981089,-0.868586271692,0,0,0.790893870638,1.17731372891,-0.129312697061,-0.174881662288,-0.494665558606
-0.914693981089,-0.868586271692,0,0,5.41507536702,10.237451145,0.405494906451,-0.174881662288,1.22938059967
-0.914693981089,-0.868586271692,0,0,0.310585183003,0.471168626958,-0.0806938240148,-0.174881662288,-0.207324532228
-0.914693981089,-0.868586271692,0,0,0.361203314564,0.150292148405,-0.0806938240148,-0.174881662288,-0.207324532228
-0.914693981089,-0.868586271692,0,0,4.41972206746,5.09505470226,1.0861591291,-0.174881662288,0.51102803372
-0.069108173429,-0.00950340430439,0,0,-0.492670257966,-0.393035397408,-0.664120300573,-0.174881662288,-0.494665558606
-0.0707810384753,-0.0183084647649,0,0,-0.492670257966,-0.393035397408,-0.664120300573,-0.174881662288,-0.494665558606
-0.070913714074,-0.0145722900818,0,0,-0.492670257966,-0.393035397408,-0.664120300573,-0.174881662288,-0.494665558606
-0.0695749634699,-0.013220115534,0,0,-0.492670257966,-0.393035397408,-0.664120300573,-0.174881662288,-0.494665558606
-0.069108173429,-0.00950340430439,0,0,-0.492670257966,-0.393035397408,-0.664120300573,-0.174881662288,-0.494665558606
-0.070913714074,-0.0145722900818,0,0,-0.492670257966,-0.393035397408,-0.664120300573,-0.174881662288,-0.494665558606
-0.0695723721182,-0.00833255355554,0,0,-0.492670257966,-0.393035397408,-0.664120300573,-0.174881662288,-0.494665558606
-0.0708010999233,-0.0183084647649,0,0,-0.48296161836,-0.370206002745,-0.664120300573,-0.174881662288,-0.494665558606
-0.069108173429,-0.00950340430439,0,0,-0.492670257966,-0.393035397408,-0.664120300573,-0.174881662288,-0.494665558606
-0.0695749634699,-0.013220115534,0,0,-0.492670257966,-0.393035397408,-0.664120300573,-0.174881662288,-0.494665558606
-0.070913714074,-0.0145722900818,0,0,-0.485497648231,-0.393035397408,-0.664120300573,-0.174881662288,-0.494665558606
-0.069108173429,-0.00950340430439,0,0,-0.492670257966,-0.393035397408,-0.664120300573,-0.174881662288,-0.494665558606
-0.0695723721182,-0.00833255355554,0,0,-0.477402845815,-0.393035397408,-0.664120300573,-0.174881662288,-0.494665558606
-0.0707810384753,-0.0183084647649,0,0,-0.492670257966,-0.393035397408,-0.664120300573,-0.174881662288,-0.494665558606
-0.0695564611959,-0.013220115534,0,0,-0.492670257966,-0.393035397408,-0.664120300573,-0.174881662288,-0.494665558606
-0.0704878219234,-0.0157079725742,0,0,-0.492670257966,-0.393035397408,-0.664120300573,-0.174881662288,-0.494665558606
-0.0712048731594,-0.019356509897,0,0,-0.492670257966,-0.393035397408,-0.664120300573,-0.174881662288,-0.494665558606
-0.0695723721182,-0.00833255355554,0,0,-0.492670257966,-0.393035397408,-0.664120300573,-0.174881662288,-0.494665558606
1.99239616405,1.99185737165,0,0,-0.492670257966,-0.393035397408,0.794445890823,-0.174881662288,1.66039213924
0.0910765430573,0.292173467637,0,0,-0.369429452835,-0.294549750246,0.0651627951249,-0.174881662288,-0.0636540190381
-0.914693981089,-0.868586271692,0,0,3.06445745796,2.9533081148,3.95467263885,0.319548168264,2.52241521837
-0.914693981089,-0.868586271692,0,0,2.6182698995,5.51742862147,0.211019414265,-0.174881662288,0.0800164941514
-0.914693981089,-0.868586271692,0,0,0.450194908209,0.592302961174,0.0165439220783,-0.174881662288,-0.0636540190381
-0.914693981089,-0.868586271692,0,0,1.42748860111,2.81807858704,0.745827017777,-0.174881662288,1.51672162605
-0.914693981089,-0.868586271692,0,0,-0.492670257966,-0.393035397408,0.648589271684,-0.174881662288,-0.207324532228
1.61695442729,1.87785418297,0,0,-0.379701654635,-0.302621356802,2.30163095527,-0.174881662288,1.51672162605
-1.12135915728,-1.07586479657,0,0,-0.351779709593,-0.305753622033,2.30163095527,-0.174881662288,4.53380240302
1.28973456499,1.82603455175,0,0,-0.492670257966,-0.393035397408,-0.664120300573,-0.174881662288,-0.494665558606
-1.12135915728,-1.07586479657,0,0,-0.492670257966,-0.393035397408,-0.0320749509682,-0.174881662288,-0.350995045417
3.68705060884,3.69154127567,0,0,-0.492670257966,-0.393035397408,1.42649124043,6.74713596544,-0.350995045417
2.94305597454,3.00752214357,0,0,-0.492670257966,-0.393035397408,1.47511011348,0.813977998817,-0.207324532228
-0.914693981089,-0.868586271692,0,0,-0.492670257966,-0.393035397408,1.76682335175,-0.174881662288,0.51102803372
-0.0695723721182,-0.00833255355554,0,0,-0.492670257966,-0.393035397408,-0.664120300573,-0.174881662288,-0.494665558606
1.23462385133,1.12128756716,0,0,-0.492670257966,-0.393035397408,1.37787236738,-0.174881662288,2.52241521837
-0.0690463242824,-0.00742929592767,0,0,-0.48296161836,-0.370206002745,-0.664120300573,-0.174881662288,-0.494665558606
-0.0695749634699,-0.013220115534,0,0,-0.492670257966,-0.393035397408,-0.664120300573,-0.174881662288,-0.494665558606
-0.0699363910114,-0.0120506362781,0,0,-0.492670257966,-0.393035397408,-0.664120300573,-0.174881662288,-0.494665558606
-0.0695564611959,-0.013220115534,0,0,-0.489468200049,-0.393035397408,-0.664120300573,-0.174881662288,-0.494665558606
-0.0704656031206,-0.0157079725742,0,0,-0.492670257966,-0.393035397408,-0.664120300573,-0.174881662288,-0.494665558606
-0.0707810384753,-0.0183084647649,0,0,-0.492670257966,-0.393035397408,-0.664120300573,-0.174881662288,-0.494665558606
-0.0690463242824,-0.00742929592767,0,0,0.35825742128,0.267390679343,-0.664120300573,-0.174881662288,-0.494665558606
-0.914693981089,-0.868586271692,0,0,0.936164834242,1.97049966275,0.211019414265,-0.174881662288,0.0800164941514
-0.914693981089,-0.868586271692,0,0,1.0928607405,1.78382870216,0.0165439220783,-0.174881662288,-0.0636540190381
-0.914693981089,-0.868586271692,0,0,0.38418128218,0.137100492914,-0.0806938240148,-0.174881662288,-0.350995045417
-0.914693981089,-0.868586271692,0,0,0.482420419091,0.118306901528,-0.0806938240148,-0.174881662288,-0.494665558606
-0.914693981089,-0.868586271692,0,0,0.793686065142,1.16918188648,-0.129312697061,-0.174881662288,-0.494665558606
-0.914693981089,-0.868586271692,0,0,5.40710864692,10.2309456711,0.405494906451,-0.174881662288,1.22938059967
-0.914693981089,-0.868586271692,0,0,0.314786282991,0.470686739999,-0.0806938240148,-0.174881662288,-0.207324532228
-0.914693981089,-0.868586271692,0,0,0.364892085285,0.167700314784,-0.0806938240148,-0.174881662288,-0.207324532228
-0.914693981089,-0.868586271692,0,0,4.41106370285,5.07891148915,1.0861591291,-0.174881662288,0.51102803372
-0.06683918383,0.0210326848849,0,0,-0.492670257966,-0.393035397408,-0.664120300573,-0.174881662288,-0.494665558606
-0.0672641161357,0.0186333288655,0,0,-0.492670257966,-0.393035397408,-0.664120300573,-0.174881662288,-0.494665558606
-0.0675363745426,0.0210089584031,0,0,-0.492670257966,-0.393035397408,-0.664120300573,-0.174881662288,-0.494665558606
-0.0661353786836,0.0210957148297,0,0,-0.492670257966,-0.393035397408,-0.664120300573,-0.174881662288,-0.494665558606
-0.06683918383,0.0210326848849,0,0,-0.492670257966,-0.393035397408,-0.664120300573,-0.174881662288,-0.494665558606
-0.0675363745426,0.0210089584031,0,0,-0.492670257966,-0.393035397408,-0.664120300573,-0.174881662288,-0.494665558606
-0.0677592055281,0.0225099831142,0,0,-0.492670257966,-0.393035397408,-0.664120300573,-0.174881662288,-0.494665558606
-0.0672841775836,0.0186333288655,0,0,-0.48296161836,-0.370206002745,-0.664120300573,-0.174881662288,-0.494665558606
-0.06683918383,0.0210326848849,0,0,-0.492670257966,-0.393035397408,-0.664120300573,-0.174881662288,-0.494665558606
-0.0661353786836,0.0210957148297,0,0,-0.492670257966,-0.393035397408,-0.664120300573,-0.174881662288,-0.494665558606
-0.0675363745426,0.0210089584031,0,0,-0.485497648231,-0.393035397408,-0.664120300573,-0.174881662288,-0.494665558606
-0.06683918383,0.0210326848849,0,0,-0.492670257966,-0.393035397408,-0.664120300573,-0.174881662288,-0.494665558606
-0.0677592055281,0.0225099831142,0,0,-0.492670257966,-0.393035397408,-0.664120300573,-0.174881662288,-0.494665558606
-0.0672641161357,0.0186333288655,0,0,-0.492670257966,-0.393035397408,-0.664120300573,-0.174881662288,-0.494665558606
-0.0661168764096,0.0210957148297,0,0,-0.492670257966,-0.393035397408,-0.664120300573,-0.174881662288,-0.494665558606
-0.0671722683907,0.0192540451361,0,0,-0.492670257966,-0.393035397408,-0.664120300573,-0.174881662288,-0.494665558606
-0.0675422851666,0.0194241240751,0,0,-0.492670257966,-0.393035397408,-0.664120300573,-0.174881662288,-0.494665558606
-0.0677592055281,0.0225099831142,0,0,-0.492670257966,-0.393035397408,-0.664120300573,-0.174881662288,-0.494665558606
2.00617384246,2.07476878161,0,0,-0.492670257966,-0.393035397408,0.794445890823,-0.174881662288,1.66039213924
0.0910765430573,0.292173467637,0,0,-0.367354519304,-0.291236777405,0.0651627951249,-0.174881662288,-0.0636540190381
-0.914693981089,-0.868586271692,0,0,2.81515803673,1.33603524589,3.95467263885,0.319548168264,2.52241521837
-0.914693981089,-0.868586271692,0,0,2.60640947697,5.50634522142,0.211019414265,-0.174881662288,0.0800164941514
-0.914693981089,-0.868586271692,0,0,0.445379013101,0.572244416523,0.0165439220783,-0.174881662288,-0.0636540190381
-0.914693981089,-0.868586271692,0,0,1.42502942063,2.70507609525,0.745827017777,-0.174881662288,1.51672162605
-0.914693981089,-0.868586271692,0,0,-0.492670257966,-0.393035397408,0.648589271684,-0.174881662288,-0.207324532228
1.61695442729,1.77421492053,0,0,-0.378087817444,-0.300874516577,2.30163095527,-0.174881662288,1.51672162605
-1.11791473768,-1.06550087033,0,0,-0.370812741855,-0.307681169867,2.30163095527,-0.174881662288,4.53380240302
1.28973456499,1.82603455175,0,0,-0.492670257966,-0.393035397408,-0.664120300573,-0.174881662288,-0.494665558606
-1.12135915728,-1.07586479657,0,0,-0.492670257966,-0.393035397408,-0.0320749509682,-0.174881662288,-0.350995045417
3.70771712646,3.75372483314,0,0,-0.492670257966,-0.393035397408,1.42649124043,7.73599562655,-0.350995045417
2.96372249216,3.00752214357,0,0,-0.492670257966,-0.393035397408,1.47511011348,0.813977998817,-0.207324532228
-0.914693981089,-0.868586271692,0,0,-0.492670257966,-0.393035397408,1.76682335175,-0.174881662288,0.51102803372
-0.0677592055281,0.0225099831142,0,0,-0.492670257966,-0.393035397408,-0.664120300573,-0.174881662288,-0.494665558606
1.28112351598,1.37002179701,0,0,-0.492670257966,-0.393035397408,1.37787236738,-0.174881662288,2.52241521837
-0.0671715209517,0.0245973780444,0,0,-0.48296161836,-0.370206002745,-0.664120300573,-0.174881662288,-0.494665558606
-0.0661353786836,0.0210957148297,0,0,-0.492670257966,-0.393035397408,-0.664120300573,-0.174881662288,-0.494665558606
-0.0669870056898,0.0204101722004,0,0,-0.492670257966,-0.393035397408,-0.664120300573,-0.174881662288,-0.494665558606
-0.0661168764096,0.0210957148297,0,0,-0.489468200049,-0.393035397408,-0.664120300573,-0.174881662288,-0.494665558606
-0.067150049588,0.0192540451361,0,0,-0.492670257966,-0.393035397408,-0.664120300573,-0.174881662288,-0.494665558606
-0.0672641161357,0.0186333288655,0,0,-0.492670257966,-0.393035397408,-0.664120300573,-0.174881662288,-0.494665558606
-0.0671715209517,0.0245973780444,0,0,0.349906454231,0.246368360774,-0.664120300573,-0.174881662288,-0.494665558606
-0.914693981089,-0.868586271692,0,0,0.942620183004,1.98339013889,0.211019414265,-0.174881662288,0.0800164941514
-0.914693981089,-0.868586271692,0,0,0.949177997619,1.7915388935,0.0165439220783,-0.174881662288,-0.0636540190381
-0.914693981089,-0.868586271692,0,0,0.233505244811,0.130835962452,-0.0806938240148,-0.174881662288,-0.350995045417
-0.914693981089,-0.868586271692,0,0,0.358129338963,0.121619874369,-0.0806938240148,-0.174881662288,-0.494665558606
-0.914693981089,-0.868586271692,0,0,0.924432494032,1.47204783995,-0.129312697061,-0.174881662288,-0.494665558606
-0.914693981089,-0.868586271692,0,0,5.39012493173,10.2170311851,0.405494906451,-0.174881662288,1.22938059967
-0.914693981089,-0.868586271692,0,0,0.307511207402,0.440267625738,-0.0806938240148,-0.174881662288,-0.207324532228
-0.914693981089,-0.868586271692,0,0,0.360229888957,0.137702851612,-0.0806938240148,-0.174881662288,-0.207324532228
-0.914693981089,-0.868586271692,0,0,4.43739742716,3.28050935968,1.0861591291,-0.174881662288,0.51102803372
-0.0596890268415,0.076323910115,0,0,-0.492670257966,-0.393035397408,-0.664120300573,-0.174881662288,-0.494665558606
-0.0609653645624,0.0714565957937,0,0,-0.492670257966,-0.393035397408,-0.664120300573,-0.174881662288,-0.494665558606
-0.0611019943548,0.0752122201118,0,0,-0.492670257966,-0.393035397408,-0.664120300573,-0.174881662288,-0.494665558606
-0.0607787298344,0.0731124921094,0,0,-0.492670257966,-0.393035397408,-0.664120300573,-0.174881662288,-0.494665558606
-0.0596890268415,0.076323910115,0,0,-0.492670257966,-0.393035397408,-0.664120300573,-0.174881662288,-0.494665558606
-0.0611019943548,0.0752122201118,0,0,-0.492670257966,-0.393035397408,-0.664120300573,-0.174881662288,-0.494665558606
-0.0610258990888,0.0774959285329,0,0,-0.492670257966,-0.393035397408,-0.664120300573,-0.174881662288,-0.494665558606
-0.0609854260103,0.0714565957937,0,0,-0.48296161836,-0.370206002745,-0.664120300573,-0.174881662288,-0.494665558606
-0.0596890268415,0.076323910115,0,0,-0.492670257966,-0.393035397408,-0.664120300573,-0.174881662288,-0.494665558606
-0.0607787298344,0.0731124921094,0,0,-0.492670257966,-0.393035397408,-0.664120300573,-0.174881662288,-0.494665558606
-0.0611019943548,0.0752122201118,0,0,-0.481322164707,-0.383216950627,-0.664120300573,-0.174881662288,-0.494665558606
-0.0596890268415,0.076323910115,0,0,-0.492670257966,-0.393035397408,-0.664120300573,-0.174881662288,-0.494665558606
-0.0610258990888,0.0774959285329,0,0,-0.492670257966,-0.393035397408,-0.664120300573,-0.174881662288,-0.494665558606
-0.0609653645624,0.0714565957937,0,0,-0.492670257966,-0.393035397408,-0.664120300573,-0.174881662288,-0.494665558606
-0.0607602275604,0.0731124921094,0,0,-0.492670257966,-0.393035397408,-0.664120300573,-0.174881662288,-0.494665558606
-0.0615465747781,0.0709136815175,0,0,-0.492670257966,-0.393035397408,-0.664120300573,-0.174881662288,-0.494665558606
-0.0609329376481,0.0725336979204,0,0,-0.492670257966,-0.393035397408,-0.664120300573,-0.174881662288,-0.494665558606
-0.0610258990888,0.0774959285329,0,0,-0.492670257966,-0.393035397408,-0.664120300573,-0.174881662288,-0.494665558606
2.01995152087,2.07476878161,0,0,-0.492670257966,-0.393035397408,0.794445890823,-0.174881662288,1.66039213924
0.10485422147,0.333629172613,0,0,-0.368558493081,-0.291417485015,0.0651627951249,-0.174881662288,-0.0636540190381
-0.914693981089,-0.868586271692,0,0,2.70418751754,1.32621679911,3.95467263885,-0.174881662288,2.52241521837
-0.914693981089,-0.868586271692,0,0,2.74811975217,4.05761231628,0.211019414265,-0.174881662288,0.0800164941514
-0.914693981089,-0.868586271692,0,0,0.443560244204,0.345757545984,0.0165439220783,-0.174881662288,-0.0636540190381
-0.914693981089,-0.868586271692,0,0,1.42848764318,2.71772562792,0.745827017777,-0.174881662288,1.51672162605
-0.914693981089,-0.868586271692,0,0,-0.492670257966,-0.393035397408,0.648589271684,-0.174881662288,-0.207324532228
1.63762094491,1.77421492053,0,0,-0.380316449755,-0.299187912222,2.30163095527,-0.174881662288,1.51672162605
-1.11447031808,-1.05513694408,0,0,-0.372375346119,-0.31015084053,2.30163095527,-0.174881662288,4.53380240302
1.28973456499,1.82603455175,0,0,-0.492670257966,-0.393035397408,-0.664120300573,-0.174881662288,-0.494665558606
-1.12135915728,-1.07586479657,0,0,-0.492670257966,-0.393035397408,-0.0320749509682,-0.174881662288,-0.350995045417
3.67327293043,3.75372483314,0,0,-0.492670257966,-0.393035397408,1.42649124043,7.73599562655,-0.350995045417
2.96027807256,2.98679429108,0,0,-0.492670257966,-0.393035397408,1.47511011348,0.813977998817,-0.207324532228
-0.914693981089,-0.868586271692,0,0,-0.492670257966,-0.393035397408,1.76682335175,-0.174881662288,0.51102803372
-0.0610258990888,0.0774959285329,0,0,-0.492670257966,-0.393035397408,-0.664120300573,-0.174881662288,-0.494665558606
1.19329081609,1.37002179701,0,0,-0.492670257966,-0.393035397408,1.37787236738,-0.174881662288,2.52241521837
-0.06055661414,0.0773284302115,0,0,-0.48296161836,-0.370206002745,-0.664120300573,-0.174881662288,-0.494665558606
-0.0607787298344,0.0731124921094,0,0,-0.492670257966,-0.393035397408,-0.664120300573,-0.174881662288,-0.494665558606
-0.0601351078836,0.0751760845556,0,0,-0.492670257966,-0.393035397408,-0.664120300573,-0.174881662288,-0.494665558606
-0.0607602275604,0.0731124921094,0,0,-0.489468200049,-0.393035397408,-0.664120300573,-0.174881662288,-0.494665558606
-0.0615243559754,0.0709136815175,0,0,-0.492670257966,-0.393035397408,-0.664120300573,-0.174881662288,-0.494665558606
-0.0609653645624,0.0714565957937,0,0,-0.492670257966,-0.393035397408,-0.664120300573,-0.174881662288,-0.494665558606
-0.06055661414,0.0773284302115,0,0,0.355337144459,0.2443203412,-0.664120300573,-0.174881662288,-0.494665558606
-0.914693981089,-0.868586271692,0,0,0.943106895808,1.98405273346,0.211019414265,-0.174881662288,0.0800164941514
-0.914693981089,-0.868586271692,0,0,0.947999640306,1.8049112566,0.0165439220783,-0.174881662288,-0.0636540190381
-0.914693981089,-0.868586271692,0,0,0.230328803357,0.12818558418,-0.0806938240148,-0.174881662288,-0.350995045417
-0.914693981089,-0.868586271692,0,0,0.363150165778,0.137763087482,-0.0806938240148,-0.174881662288,-0.494665558606
-0.914693981089,-0.868586271692,0,0,0.929607019627,0.650189632075,-0.129312697061,-0.174881662288,-0.494665558606
-0.914693981089,-0.868586271692,0,0,5.38976630124,10.2232957156,0.405494906451,-0.174881662288,1.22938059967
-0.914693981089,-0.868586271692,0,0,0.314632584211,0.455326593194,-0.0806938240148,-0.174881662288,-0.207324532228
-0.914693981089,-0.868586271692,0,0,0.455446283194,0.363828306931,-0.0806938240148,-0.174881662288,-0.207324532228
-0.914693981089,-0.868586271692,0,0,4.6101804724,3.6864991223,1.0861591291,-0.174881662288,0.51102803372
-0.052191221138,0.09563072322,0,0,-0.492670257966,-0.393035397408,-0.664120300573,-0.174881662288,-0.494665558606
-0.0554725911023,0.0926577998851,0,0,-0.492670257966,-0.393035397408,-0.664120300573,-0.174881662288,-0.494665558606
-0.0539950430177,0.0964454383713,0,0,-0.492670257966,-0.393035397408,-0.664120300573,-0.174881662288,-0.494665558606
-0.0535181034203,0.0928955587171,0,0,-0.492670257966,-0.393035397408,-0.664120300573,-0.174881662288,-0.494665558606
-0.052191221138,0.09563072322,0,0,-0.492670257966,-0.393035397408,-0.664120300573,-0.174881662288,-0.494665558606
-0.0539950430177,0.0964454383713,0,0,-0.492670257966,-0.393035397408,-0.664120300573,-0.174881662288,-0.494665558606
-0.0537659018554,0.0932779357758,0,0,-0.492670257966,-0.393035397408,-0.664120300573,-0.174881662288,-0.494665558606
-0.0554725911023,0.0926577998851,0,0,-0.48296161836,-0.370206002745,-0.664120300573,-0.174881662288,-0.494665558606
-0.052191221138,0.09563072322,0,0,-0.492670257966,-0.393035397408,-0.664120300573,-0.174881662288,-0.494665558606
-0.0535181034203,0.0928955587171,0,0,-0.492670257966,-0.393035397408,-0.664120300573,-0.174881662288,-0.494665558606
-0.0539950430177,0.0964454383713,0,0,-0.481322164707,-0.383216950627,-0.664120300573,-0.174881662288,-0.494665558606
-0.052191221138,0.09563072322,0,0,-0.492670257966,-0.393035397408,-0.664120300573,-0.174881662288,-0.494665558606
-0.0537659018554,0.0932779357758,0,0,-0.492670257966,-0.393035397408,-0.664120300573,-0.174881662288,-0.494665558606
-0.0554725911023,0.0926577998851,0,0,-0.492670257966,-0.393035397408,-0.664120300573,-0.174881662288,-0.494665558606
-0.0535181034203,0.0928955587171,0,0,-0.492670257966,-0.393035397408,-0.664120300573,-0.174881662288,-0.494665558606
-0.054710537376,0.0915000249565,0,0,-0.492670257966,-0.393035397408,-0.664120300573,-0.174881662288,-0.494665558606
-0.0560245501586,0.0925842056448,0,0,-0.492670257966,-0.393035397408,-0.664120300573,-0.174881662288,-0.494665558606
-0.0537659018554,0.0932779357758,0,0,-0.492670257966,-0.393035397408,-0.664120300573,-0.174881662288,-0.494665558606
2.01995152087,2.07476878161,0,0,-0.492670257966,-0.393035397408,0.794445890823,-0.174881662288,1.66039213924
0.118631899883,0.167806352709,0,0,-0.367841232108,-0.285574605642,0.0651627951249,-0.174881662288,-0.0636540190381
-0.914693981089,-0.868586271692,0,0,3.30025700301,2.63556390148,3.95467263885,0.319548168264,2.52241521837
-0.914693981089,-0.868586271692,0,0,2.74087029305,4.0699606696,0.211019414265,-0.174881662288,0.0800164941514
-0.914693981089,-0.868586271692,0,0,0.44253558567,0.344191413369,0.0165439220783,-0.174881662288,-0.0636540190381
-0.914693981089,-0.868586271692,0,0,1.43053696025,2.60050662524,0.745827017777,-0.174881662288,1.51672162605
-0.914693981089,-0.868586271692,0,0,-0.492670257966,-0.393035397408,0.648589271684,-0.174881662288,-0.207324532228
1.67206514094,1.70166743682,0,0,-0.379547955855,-0.295453288293,2.30163095527,-0.174881662288,1.51672162605
-1.11447031808,-1.05513694408,0,0,-0.37475767721,-0.309307538353,2.30163095527,-0.174881662288,4.53380240302
1.28973456499,1.82603455175,0,0,-0.492670257966,-0.393035397408,-0.664120300573,-0.174881662288,-0.494665558606
-1.12135915728,-1.07586479657,0,0,-0.492670257966,-0.393035397408,-0.0320749509682,-0.174881662288,-0.350995045417
3.68016176963,3.74336090689,0,0,-0.492670257966,-0.393035397408,1.42649124043,7.73599562655,-0.350995045417
2.94994481375,2.97643036483,0,0,-0.492670257966,-0.393035397408,1.47511011348,0.813977998817,-0.207324532228
-0.914693981089,-0.868586271692,0,0,-0.492670257966,-0.393035397408,1.76682335175,-0.174881662288,0.51102803372
-0.0537659018554,0.0932779357758,0,0,-0.492670257966,-0.393035397408,-0.664120300573,-0.174881662288,-0.494665558606
1.19329081609,0.872553337301,0,0,-0.492670257966,-0.393035397408,1.37787236738,-0.174881662288,2.52241521837
-0.0531602764454,0.0941139384317,0,0,-0.48296161836,-0.370206002745,-0.664120300573,-0.174881662288,-0.494665558606
-0.0535181034203,0.0928955587171,0,0,-0.492670257966,-0.393035397408,-0.664120300573,-0.174881662288,-0.494665558606
-0.0526963085323,0.0950064728505,0,0,-0.492670257966,-0.393035397408,-0.664120300573,-0.174881662288,-0.494665558606
-0.0535181034203,0.0928955587171,0,0,-0.489468200049,-0.393035397408,-0.664120300573,-0.174881662288,-0.494665558606
-0.054710537376,0.0915000249565,0,0,-0.492670257966,-0.393035397408,-0.664120300573,-0.174881662288,-0.494665558606
-0.0554725911023,0.0926577998851,0,0,-0.492670257966,-0.393035397408,-0.664120300573,-0.174881662288,-0.494665558606
-0.0531602764454,0.0941139384317,0,0,0.352007004225,0.234441658549,-0.664120300573,-0.174881662288,-0.494665558606
-0.914693981089,-0.868586271692,0,0,0.939546207403,1.07599699586,0.211019414265,-0.174881662288,0.0800164941514
-0.914693981089,-0.868586271692,0,0,0.947487311039,0.211431556276,0.0165439220783,-0.174881662288,-0.0636540190381
-0.914693981089,-0.868586271692,0,0,0.225564141176,0.147340590784,-0.0806938240148,-0.174881662288,-0.350995045417
-0.914693981089,-0.868586271692,0,0,0.355362760922,0.153906300594,-0.0806938240148,-0.174881662288,-0.494665558606
-0.914693981089,-0.868586271692,0,0,0.927147839147,0.428099980034,-0.129312697061,-0.174881662288,-0.494665558606
-0.914693981089,-0.868586271692,0,0,5.7060527741,0.902216511419,0.405494906451,-0.174881662288,1.22938059967
-0.914693981089,-0.868586271692,0,0,0.313300528117,0.102585339504,-0.0806938240148,-0.174881662288,-0.207324532228
-0.914693981089,-0.868586271692,0,0,0.454088610637,0.358407078647,-0.0806938240148,-0.174881662288,-0.207324532228
-0.914693981089,-0.868586271692,0,0,4.61404855836,2.6500807461,1.0861591291,-0.174881662288,0.51102803372
0.000499412300875,0.291621246555,0,0,-0.492670257966,-0.393035397408,-0.664120300573,-0.174881662288,-0.494665558606
-0.00337213599969,0.274834570666,0,0,-0.492670257966,-0.393035397408,-0.664120300573,-0.174881662288,-0.494665558606
0.000528046909176,0.289849346813,0,0,-0.492670257966,-0.393035397408,-0.664120300573,-0.174881662288,-0.494665558606
-0.0022685669216,0.283155863777,0,0,-0.492670257966,-0.393035397408,-0.664120300573,-0.174881662288,-0.494665558606
0.000499412300875,0.291621246555,0,0,-0.492670257966,-0.393035397408,-0.664120300573,-0.174881662288,-0.494665558606
0.000528046909176,0.289849346813,0,0,-0.492670257966,-0.393035397408,-0.664120300573,-0.174881662288,-0.494665558606
0.00118860392301,0.294799154532,0,0,-0.492670257966,-0.393035397408,-0.664120300573,-0.174881662288,-0.494665558606
-0.00337213599969,0.274834570666,0,0,-0.48296161836,-0.370206002745,-0.664120300573,-0.174881662288,-0.494665558606
0.000499412300875,0.291621246555,0,0,-0.492670257966,-0.393035397408,-0.664120300573,-0.174881662288,-0.494665558606
-0.0022685669216,0.283155863777,0,0,-0.492670257966,-0.393035397408,-0.664120300573,-0.174881662288,-0.494665558606
0.000528046909176,0.289849346813,0,0,-0.481322164707,-0.383216950627,-0.664120300573,-0.174881662288,-0.494665558606
0.000499412300875,0.291621246555,0,0,-0.492670257966,-0.393035397408,-0.664120300573,-0.174881662288,-0.494665558606
0.00118860392301,0.294799154532,0,0,-0.492670257966,-0.393035397408,-0.664120300573,-0.174881662288,-0.494665558606
-0.00337213599969,0.274834570666,0,0,-0.49261902504,-0.392914925668,-0.664120300573,-0.174881662288,-0.494665558606
-0.0022685669216,0.283155863777,0,0,-0.492670257966,-0.393035397408,-0.664120300573,-0.174881662288,-0.494665558606
-0.00307411218607,0.278119237448,0,0,-0.492670257966,-0.393035397408,-0.664120300573,-0.174881662288,-0.494665558606
-0.00298065015642,0.272032717752,0,0,-0.492670257966,-0.393035397408,-0.664120300573,-0.174881662288,-0.494665558606
0.00118860392301,0.294799154532,0,0,-0.492670257966,-0.393035397408,-0.664120300573,-0.174881662288,-0.494665558606
2.06128455611,2.19913589653,0,0,-0.492670257966,-0.393035397408,0.794445890823,-0.174881662288,1.66039213924
0.159964935122,0.084894942757,0,0,-0.365817531504,-0.284249416506,0.0651627951249,-0.174881662288,-0.0636540190381
-0.914693981089,-0.868586271692,0,0,3.29485192925,1.70287169312,3.95467263885,0.319548168264,2.52241521837
-0.914693981089,-0.868586271692,0,0,2.74489207779,3.91702179611,0.211019414265,-0.174881662288,0.0800164941514
-0.914693981089,-0.868586271692,0,0,0.435132427765,0.328289143735,0.0165439220783,-0.174881662288,-0.0636540190381
-0.914693981089,-0.868586271692,0,0,1.7841466202,2.35757536224,0.745827017777,-0.174881662288,1.51672162605
-0.914693981089,-0.868586271692,0,0,-0.492670257966,-0.393035397408,0.648589271684,-0.174881662288,-0.207324532228
1.71684259579,1.75348706804,0,0,-0.379086859514,-0.294670221985,2.30163095527,-0.174881662288,1.51672162605
-1.11447031808,-1.05513694408,0,0,-0.374117265626,-0.30346465898,2.30163095527,-0.174881662288,4.53380240302
1.28973456499,1.82603455175,0,0,-0.492670257966,-0.393035397408,-0.664120300573,-0.174881662288,-0.494665558606
-1.12135915728,-1.07586479657,0,0,-0.492670257966,-0.393035397408,-0.0320749509682,-0.174881662288,-0.350995045417
3.69049502844,3.75372483314,0,0,-0.492670257966,-0.393035397408,1.42649124043,7.73599562655,-0.350995045417
2.98094459018,3.00752214357,0,0,-0.492670257966,-0.393035397408,1.47511011348,0.813977998817,-0.207324532228
-0.914693981089,-0.868586271692,0,0,-0.492670257966,-0.393035397408,1.76682335175,-0.174881662288,0.51102803372
0.00118860392301,0.294799154532,0,0,-0.492670257966,-0.393035397408,-0.664120300573,-0.174881662288,-0.494665558606
1.22084617292,1.24565468209,0,0,-0.492670257966,-0.393035397408,1.37787236738,-0.174881662288,2.52241521837
0.00132710518339,0.297664023572,0,0,-0.48296161836,-0.370206002745,-0.664120300573,-0.174881662288,-0.494665558606
-0.0022685669216,0.283155863777,0,0,-0.492670257966,-0.393035397408,-0.664120300573,-0.174881662288,-0.494665558606
-0.00152925095727,0.286337015663,0,0,-0.492670257966,-0.393035397408,-0.664120300573,-0.174881662288,-0.494665558606
-0.0022685669216,0.283155863777,0,0,-0.489468200049,-0.393035397408,-0.664120300573,-0.174881662288,-0.494665558606
-0.00307411218607,0.278119237448,0,0,-0.492670257966,-0.393035397408,-0.664120300573,-0.174881662288,-0.494665558606
-0.00337213599969,0.274834570666,0,0,-0.492670257966,-0.393035397408,-0.664120300573,-0.174881662288,-0.494665558606
0.00132710518339,0.297664023572,0,0,0.346550697533,0.245404586857,-0.664120300573,-0.174881662288,-0.494665558606
-0.914693981089,-0.868586271692,0,0,0.937215109239,1.06780491757,0.211019414265,-0.174881662288,0.0800164941514
-0.914693981089,-0.868586271692,0,0,0.947820325062,0.205347733424,0.0165439220783,-0.174881662288,-0.0636540190381
-0.914693981089,-0.868586271692,0,0,0.195669728457,0.150051204926,-0.0806938240148,-0.174881662288,-0.350995045417
-0.914693981089,-0.868586271692,0,0,0.356617967626,0.15872517018,-0.0806938240148,-0.174881662288,-0.494665558606
-0.914693981089,-0.868586271692,0,0,1.30058464172,1.31447080449,-0.129312697061,-0.174881662288,-0.494665558606
-0.914693981089,-0.868586271692,0,0,5.21203927858,0.954501246426,0.405494906451,-0.174881662288,1.22938059967
-0.914693981089,-0.868586271692,0,0,0.311379293367,0.102404631895,-0.0806938240148,-0.174881662288,-0.207324532228
-0.914693981089,-0.868586271692,0,0,0.454472857587,0.355214577546,-0.0806938240148,-0.174881662288,-0.207324532228
-0.914693981089,-0.868586271692,0,0,4.46488389233,0.63139604069,1.0861591291,-0.174881662288,0.51102803372
-0.00295635436868,0.303758167663,0,0,-0.492670257966,-0.393035397408,-0.664120300573,-0.174881662288,-0.494665558606
-0.0040541563402,0.308687617176,0,0,-0.492670257966,-0.393035397408,-0.664120300573,-0.174881662288,-0.494665558606
-0.00362506202743,0.307619652578,0,0,-0.492670257966,-0.393035397408,-0.664120300573,-0.174881662288,-0.494665558606
-0.00352719573324,0.305405230458,0,0,-0.492670257966,-0.393035397408,-0.664120300573,-0.174881662288,-0.494665558606
-0.00295635436868,0.303758167663,0,0,-0.492670257966,-0.393035397408,-0.664120300573,-0.174881662288,-0.494665558606
-0.00362506202743,0.307619652578,0,0,-0.492670257966,-0.393035397408,-0.664120300573,-0.174881662288,-0.494665558606
-0.00292343834681,0.302420865349,0,0,-0.492670257966,-0.393035397408,-0.664120300573,-0.174881662288,-0.494665558606
-0.0040541563402,0.308687617176,0,0,-0.48296161836,-0.393035397408,-0.664120300573,-0.174881662288,-0.494665558606
-0.00295635436868,0.303758167663,0,0,-0.492670257966,-0.393035397408,-0.664120300573,-0.174881662288,-0.494665558606
-0.00352719573324,0.305405230458,0,0,-0.492670257966,-0.393035397408,-0.664120300573,-0.174881662288,-0.494665558606
-0.00362506202743,0.307619652578,0,0,-0.481322164707,-0.383216950627,-0.664120300573,-0.174881662288,-0.494665558606
-0.00295635436868,0.303758167663,0,0,-0.492670257966,-0.393035397408,-0.664120300573,-0.174881662288,-0.494665558606
-0.00292343834681,0.302420865349,0,0,-0.492670257966,-0.393035397408,-0.664120300573,-0.174881662288,-0.494665558606
-0.0040541563402,0.308687617176,0,0,-0.49261902504,-0.392914925668,-0.664120300573,-0.174881662288,-0.494665558606
-0.00352719573324,0.305405230458,0,0,-0.492670257966,-0.393035397408,-0.664120300573,-0.174881662288,-0.494665558606
-0.00384349908169,0.307313008183,0,0,-0.492670257966,-0.393035397408,-0.664120300573,-0.174881662288,-0.494665558606
-0.0038448182944,0.310497815081,0,0,-0.492670257966,-0.393035397408,-0.664120300573,-0.174881662288,-0.494665558606
-0.00292343834681,0.302420865349,0,0,-0.492670257966,-0.393035397408,-0.664120300573,-0.174881662288,-0.494665558606
2.11639526976,2.40641442141,0,0,-0.492670257966,-0.393035397408,0.794445890823,-0.174881662288,1.66039213924
0.0910765430573,-0.0809278771471,0,0,-0.362436158343,-0.280815971926,0.0651627951249,-0.174881662288,-0.0636540190381
-0.914693981089,-0.868586271692,0,0,3.29205973475,1.52373021626,3.95467263885,0.319548168264,2.52241521837
-0.914693981089,-0.868586271692,0,0,2.74852961559,0.438942436602,0.211019414265,-0.174881662288,0.0800164941514
-0.914693981089,-0.868586271692,0,0,0.440153254579,0.191071832276,0.0165439220783,-0.174881662288,-0.0636540190381
-0.914693981089,-0.868586271692,0,0,1.78514566227,0.994558099859,0.745827017777,-0.174881662288,1.51672162605
-0.914693981089,-0.868586271692,0,0,-0.492670257966,-0.393035397408,0.648589271684,-0.174881662288,-0.207324532228
1.76850888984,1.77421492053,0,0,-0.378958777198,-0.305091027465,2.30163095527,-0.174881662288,1.51672162605
-1.11447031808,-1.05513694408,0,0,-0.375961650987,-0.305091027465,2.30163095527,-0.174881662288,4.53380240302
1.35862295705,1.41147750199,0,0,-0.492670257966,-0.393035397408,-0.664120300573,-0.174881662288,-0.494665558606
-1.12135915728,-1.07586479657,0,0,-0.491389434799,-0.390023603917,-0.0320749509682,-0.174881662288,-0.350995045417
3.67327293043,3.70190520192,0,0,-0.492670257966,-0.393035397408,1.42649124043,7.73599562655,-0.350995045417
2.96372249216,3.04897784854,0,0,-0.492670257966,-0.393035397408,1.47511011348,0.813977998817,-0.207324532228
-0.914693981089,-0.868586271692,0,0,-0.492670257966,-0.393035397408,1.76682335175,-0.174881662288,0.51102803372
-0.00292343834681,0.302420865349,0,0,-0.492670257966,-0.393035397408,-0.664120300573,-0.174881662288,-0.494665558606
1.22084617292,1.20419897711,0,0,-0.492670257966,-0.393035397408,1.37787236738,-0.174881662288,2.52241521837
-0.00347054880845,0.301233104127,0,0,-0.48296161836,-0.393035397408,-0.664120300573,-0.174881662288,-0.494665558606
-0.00352719573324,0.305405230458,0,0,-0.492670257966,-0.393035397408,-0.664120300573,-0.174881662288,-0.494665558606
-0.00349673443441,0.304650532804,0,0,-0.492670257966,-0.393035397408,-0.664120300573,-0.174881662288,-0.494665558606
-0.00352719573324,0.305405230458,0,0,-0.489468200049,-0.393035397408,-0.664120300573,-0.174881662288,-0.494665558606
-0.00384349908169,0.307313008183,0,0,-0.492670257966,-0.393035397408,-0.664120300573,-0.174881662288,-0.494665558606
-0.0040541563402,0.308687617176,0,0,-0.492670257966,-0.393035397408,-0.664120300573,-0.174881662288,-0.494665558606
-0.00347054880845,0.301233104127,0,0,0.344911243879,0.201251694276,-0.664120300573,-0.174881662288,-0.494665558606
-0.914693981089,-0.868586271692,0,0,0.941031962277,0.13131784941,0.211019414265,-0.174881662288,0.0800164941514
-0.914693981089,-0.868586271692,0,0,0.941595524471,0.191011596406,0.0165439220783,-0.174881662288,-0.0636540190381
-0.914693981089,-0.868586271692,0,0,0.196668770528,0.156918094086,-0.0806938240148,-0.174881662288,-0.350995045417
-0.914693981089,-0.868586271692,0,0,0.364200440775,0.179988432228,-0.0806938240148,-0.174881662288,-0.494665558606
-0.914693981089,-0.868586271692,0,0,1.13028639344,1.29453273158,-0.129312697061,-0.174881662288,-0.494665558606
-0.914693981089,-0.868586271692,0,0,5.07640010519,0.96335591929,0.405494906451,-0.174881662288,1.22938059967
-0.914693981089,-0.868586271692,0,0,0.31040586776,0.122764355895,-0.0806938240148,-0.174881662288,-0.207324532228
-0.914693981089,-0.868586271692,0,0,0.455881763071,0.334794617676,-0.0806938240148,-0.174881662288,-0.207324532228
-0.914693981089,-0.868586271692,0,0,3.26628957262,0.630853917861,1.0861591291,-0.174881662288,0.51102803372
-0.00432298525326,0.274900543966,0,0,-0.492670257966,-0.393035397408,-0.664120300573,-0.174881662288,-0.494665558606
-0.00437265033952,0.275783336294,0,0,-0.492670257966,-0.393035397408,-0.664120300573,-0.174881662288,-0.494665558606
-0.00487032304659,0.276588758458,0,0,-0.492670257966,-0.393035397408,-0.664120300573,-0.174881662288,-0.494665558606
-0.00438885288933,0.272752938079,0,0,-0.492670257966,-0.393035397408,-0.664120300573,-0.174881662288,-0.494665558606
-0.00432298525326,0.274900543966,0,0,-0.492670257966,-0.393035397408,-0.664120300573,-0.174881662288,-0.494665558606
-0.00487032304659,0.276588758458,0,0,-0.492670257966,-0.393035397408,-0.664120300573,-0.174881662288,-0.494665558606
-0.0038831351662,0.275413313035,0,0,-0.492670257966,-0.393035397408,-0.664120300573,-0.174881662288,-0.494665558606
-0.00437265033952,0.275783336294,0,0,-0.48296161836,-0.393035397408,-0.664120300573,-0.174881662288,-0.494665558606
-0.00432298525326,0.274900543966,0,0,-0.492670257966,-0.393035397408,-0.664120300573,-0.174881662288,-0.494665558606
-0.00438885288933,0.272752938079,0,0,-0.492670257966,-0.393035397408,-0.664120300573,-0.174881662288,-0.494665558606
-0.00487032304659,0.276588758458,0,0,-0.481322164707,-0.383216950627,-0.664120300573,-0.174881662288,-0.494665558606
-0.00432298525326,0.274900543966,0,0,-0.492670257966,-0.393035397408,-0.664120300573,-0.174881662288,-0.494665558606
-0.0038831351662,0.275413313035,0,0,-0.492670257966,-0.393035397408,-0.664120300573,-0.174881662288,-0.494665558606
-0.00437265033952,0.275783336294,0,0,-0.49261902504,-0.392914925668,-0.664120300573,-0.174881662288,-0.494665558606
-0.00438885288933,0.272752938079,0,0,-0.492670257966,-0.393035397408,-0.664120300573,-0.174881662288,-0.494665558606
-0.00444885812324,0.274696298617,0,0,-0.492670257966,-0.393035397408,-0.664120300573,-0.174881662288,-0.494665558606
-0.00448283273007,0.277086365103,0,0,-0.492670257966,-0.393035397408,-0.664120300573,-0.174881662288,-0.494665558606
-0.0038831351662,0.275413313035,0,0,-0.492670257966,-0.393035397408,-0.664120300573,-0.174881662288,-0.494665558606
2.10261759135,2.28204730649,0,0,-0.492670257966,-0.393035397408,0.794445890823,-0.174881662288,1.66039213924
0.132409578296,0.084894942757,0,0,-0.36394752968,-0.281960453452,0.0651627951249,-0.174881662288,-0.0636540190381
-0.914693981089,-0.868586271692,0,0,3.3188545554,1.56366659796,3.95467263885,1.30840782937,2.52241521837
-0.914693981089,-0.868586271692,0,0,2.95966050644,0.941369826804,0.211019414265,-0.174881662288,0.0800164941514
-0.914693981089,-0.868586271692,0,0,0.44207448933,0.199384382312,0.0165439220783,-0.174881662288,-0.0636540190381
-0.914693981089,-0.868586271692,0,0,1.69597475339,1.00112380967,0.745827017777,-0.174881662288,1.51672162605
-0.914693981089,-0.868586271692,0,0,-0.492670257966,-0.393035397408,0.648589271684,-0.174881662288,-0.207324532228
1.74095353301,1.78457884677,0,0,-0.363383967487,-0.272021534932,2.30163095527,-0.174881662288,1.51672162605
-1.11447031808,-1.06550087033,0,0,-0.377319323544,-0.307500462258,2.30163095527,-0.174881662288,4.53380240302
1.35862295705,1.41147750199,0,0,-0.492670257966,-0.393035397408,-0.664120300573,-0.174881662288,-0.494665558606
-1.12135915728,-1.07586479657,0,0,-0.491389434799,-0.390023603917,-0.0320749509682,-0.174881662288,-0.350995045417
3.71460596567,3.75372483314,0,0,-0.492670257966,-0.393035397408,1.42649124043,6.74713596544,-0.350995045417
2.97405575097,3.08006962727,0,0,-0.492670257966,-0.393035397408,1.47511011348,-0.174881662288,-0.207324532228
-0.914693981089,-0.868586271692,0,0,-0.492670257966,-0.393035397408,1.76682335175,-0.174881662288,0.51102803372
-0.0038831351662,0.275413313035,0,0,-0.492670257966,-0.393035397408,-0.664120300573,-0.174881662288,-0.494665558606
1.23462385133,0.996920452229,0,0,-0.492670257966,-0.393035397408,1.37787236738,-0.174881662288,2.52241521837
-0.00446854872197,0.274467058932,0,0,-0.48296161836,-0.393035397408,-0.664120300573,-0.174881662288,-0.494665558606
-0.00438885288933,0.272752938079,0,0,-0.492670257966,-0.393035397408,-0.664120300573,-0.174881662288,-0.494665558606
-0.00480578610462,0.272907011661,0,0,-0.492670257966,-0.393035397408,-0.664120300573,-0.174881662288,-0.494665558606
-0.00438885288933,0.272752938079,0,0,-0.489468200049,-0.393035397408,-0.664120300573,-0.174881662288,-0.494665558606
-0.00444885812324,0.274696298617,0,0,-0.492670257966,-0.393035397408,-0.664120300573,-0.174881662288,-0.494665558606
-0.00437265033952,0.275783336294,0,0,-0.492670257966,-0.393035397408,-0.664120300573,-0.174881662288,-0.494665558606
-0.00446854872197,0.274467058932,0,0,0.31194285556,0.226912174821,-0.664120300573,-0.174881662288,-0.494665558606
-0.914693981089,-0.868586271692,0,0,0.948332654329,0.137763087482,0.211019414265,-0.174881662288,0.0800164941514
-0.914693981089,-0.868586271692,0,0,0.941749223251,0.202215468193,0.0165439220783,-0.174881662288,-0.0636540190381
-0.914693981089,-0.868586271692,0,0,0.198743704058,0.162098378891,-0.0806938240148,-0.174881662288,-0.350995045417
-0.914693981089,-0.868586271692,0,0,0.41776446562,0.34027608183,-0.0806938240148,-0.174881662288,-0.494665558606
-0.914693981089,-0.868586271692,0,0,1.13131105197,0.993594325942,-0.129312697061,-0.174881662288,-0.494665558606
-0.914693981089,-0.868586271692,0,0,5.30835718074,2.04452954676,0.405494906451,-0.174881662288,1.22938059967
-0.914693981089,-0.868586271692,0,0,0.958271842105,1.65233379834,-0.0806938240148,-0.174881662288,-0.207324532228
-0.914693981089,-0.868586271692,0,0,0.439692158239,0.331059993747,-0.0806938240148,-0.174881662288,-0.207324532228
-0.914693981089,-0.868586271692,0,0,3.26603340799,0.563751158877,1.0861591291,-0.174881662288,0.51102803372
-0.00369776798456,0.219986658926,0,0,-0.492670257966,-0.393035397408,-0.664120300573,-0.174881662288,-0.494665558606
-0.00429137007386,0.223398349443,0,0,-0.492670257966,-0.393035397408,-0.664120300573,-0.174881662288,-0.494665558606
-0.00376190192943,0.222672470412,0,0,-0.492670257966,-0.393035397408,-0.664120300573,-0.174881662288,-0.494665558606
-0.00369698265689,0.22322251507,0,0,-0.492670257966,-0.393035397408,-0.664120300573,-0.174881662288,-0.494665558606
-0.00369776798456,0.219986658926,0,0,-0.492670257966,-0.393035397408,-0.664120300573,-0.174881662288,-0.494665558606
-0.00376190192943,0.222672470412,0,0,-0.492670257966,-0.393035397408,-0.664120300573,-0.174881662288,-0.494665558606
-0.00254862234629,0.221466368496,0,0,-0.492670257966,-0.393035397408,-0.664120300573,-0.174881662288,-0.494665558606
-0.00429137007386,0.223398349443,0,0,-0.48296161836,-0.393035397408,-0.664120300573,-0.174881662288,-0.494665558606
-0.00369776798456,0.219986658926,0,0,-0.492670257966,-0.393035397408,-0.664120300573,-0.174881662288,-0.494665558606
-0.00369698265689,0.22322251507,0,0,-0.492670257966,-0.393035397408,-0.664120300573,-0.174881662288,-0.494665558606
-0.00376190192943,0.222672470412,0,0,-0.481322164707,-0.393035397408,-0.664120300573,-0.174881662288,-0.494665558606
-0.00369776798456,0.219986658926,0,0,-0.492670257966,-0.393035397408,-0.664120300573,-0.174881662288,-0.494665558606
-0.00254862234629,0.221466368496,0,0,-0.492670257966,-0.393035397408,-0.664120300573,-0.174881662288,-0.494665558606
-0.00429137007386,0.223398349443,0,0,-0.49261902504,-0.392914925668,-0.664120300573,-0.174881662288,-0.494665558606
-0.00369698265689,0.22322251507,0,0,-0.492670257966,-0.393035397408,-0.664120300573,-0.174881662288,-0.494665558606
-0.00407746128324,0.223870087728,0,0,-0.492670257966,-0.393035397408,-0.664120300573,-0.174881662288,-0.494665558606
-0.00441864597076,0.224111080105,0,0,-0.492670257966,-0.393035397408,-0.664120300573,-0.174881662288,-0.494665558606
-0.00254862234629,0.221466368496,0,0,-0.492670257966,-0.393035397408,-0.664120300573,-0.174881662288,-0.494665558606
2.11639526976,2.28204730649,0,0,-0.492670257966,-0.393035397408,0.794445890823,-0.174881662288,1.66039213924
0.0772988646443,0.00198353280492,0,0,-0.363050953463,-0.279731726269,0.0651627951249,-0.174881662288,-0.0636540190381
-0.914693981089,-0.868586271692,0,0,3.27061875493,1.56131739903,3.95467263885,1.30840782937,2.52241521837
-0.914693981089,-0.868586271692,0,0,2.95451159731,0.61404811018,0.211019414265,-0.174881662288,0.0800164941514
-0.914693981089,-0.868586271692,0,0,0.44061435092,0.226610995472,0.0165439220783,-0.174881662288,-0.0636540190381
-0.914693981089,-0.868586271692,0,0,1.69085146072,0.983775879161,0.745827017777,-0.174881662288,1.51672162605
-0.914693981089,-0.868586271692,0,0,-0.492670257966,-0.393035397408,0.648589271684,-0.174881662288,-0.207324532228
1.70995375658,1.78457884677,0,0,-0.363973146144,-0.271298704494,2.30163095527,-0.174881662288,1.51672162605
-1.09380380046,-1.01368123911,0,0,-0.380188367438,-0.307922113347,2.30163095527,-0.174881662288,4.53380240302
1.35862295705,1.41147750199,0,0,-0.492670257966,-0.393035397408,-0.664120300573,-0.174881662288,-0.494665558606
-1.12135915728,-1.07586479657,0,0,-0.491389434799,-0.390023603917,-0.0320749509682,-0.174881662288,-0.350995045417
3.68705060884,3.75372483314,0,0,-0.492670257966,-0.393035397408,1.42649124043,6.74713596544,-0.350995045417
2.98094459018,3.12152533225,0,0,-0.492670257966,-0.393035397408,1.47511011348,-0.174881662288,-0.207324532228
-0.914693981089,-0.868586271692,0,0,-0.492670257966,-0.393035397408,1.76682335175,-0.174881662288,0.51102803372
-0.00254862234629,0.221466368496,0,0,-0.492670257966,-0.393035397408,-0.664120300573,-0.174881662288,-0.494665558606
1.23462385133,1.24565468209,0,0,-0.492670257966,-0.393035397408,1.37787236738,-0.174881662288,2.52241521837
-0.00303152308582,0.220851950038,0,0,-0.48296161836,-0.393035397408,-0.664120300573,-0.174881662288,-0.494665558606
-0.00369698265689,0.22322251507,0,0,-0.492670257966,-0.393035397408,-0.664120300573,-0.174881662288,-0.494665558606
-0.00369973474815,0.220894328132,0,0,-0.492670257966,-0.393035397408,-0.664120300573,-0.174881662288,-0.494665558606
-0.00369698265689,0.22322251507,0,0,-0.489468200049,-0.393035397408,-0.664120300573,-0.174881662288,-0.494665558606
-0.00407746128324,0.223870087728,0,0,-0.492670257966,-0.393035397408,-0.664120300573,-0.174881662288,-0.494665558606
-0.00429137007386,0.223398349443,0,0,-0.492670257966,-0.393035397408,-0.664120300573,-0.174881662288,-0.494665558606
-0.00303152308582,0.220851950038,0,0,0.311661074463,0.224984626987,-0.664120300573,-0.174881662288,-0.494665558606
-0.914693981089,-0.868586271692,0,0,0.946898132382,0.133486340724,0.211019414265,-0.174881662288,0.0800164941514
-0.914693981089,-0.868586271692,0,0,0.949408545789,0.219744106312,0.0165439220783,-0.174881662288,-0.0636540190381
-0.914693981089,-0.868586271692,0,0,0.19262136932,0.148966959269,-0.0806938240148,-0.174881662288,-0.350995045417
-0.914693981089,-0.868586271692,0,0,0.275874875177,0.335276504635,-0.0806938240148,-0.174881662288,-0.494665558606
-0.914693981089,-0.868586271692,0,0,1.13653681049,0.991064419409,-0.129312697061,-0.174881662288,-0.494665558606
-0.914693981089,-0.868586271692,0,0,5.49387160826,2.49394937152,0.405494906451,-0.174881662288,1.22938059967
-0.914693981089,-0.868586271692,0,0,0.95294361773,1.6396240298,-0.0806938240148,-0.174881662288,-0.207324532228
-0.914693981089,-0.868586271692,0,0,0.440025172263,0.0983085927468,-0.0806938240148,-0.174881662288,-0.207324532228
-0.914693981089,-0.868586271692,0,0,3.27200204395,0.179205365921,1.0861591291,-0.174881662288,0.51102803372
0.000714235010829,0.190983874624,0,0,-0.492670257966,-0.393035397408,-0.664120300573,-0.174881662288,-0.494665558606
0.000268452485079,0.199174395714,0,0,-0.492670257966,-0.393035397408,-0.664120300573,-0.174881662288,-0.494665558606
0.00026748689945,0.19375829077,0,0,-0.492670257966,-0.393035397408,-0.664120300573,-0.174881662288,-0.494665558606
0.000874857482048,0.194632204668,0,0,-0.492670257966,-0.393035397408,-0.664120300573,-0.174881662288,-0.494665558606
0.000714235010829,0.190983874624,0,0,-0.492670257966,-0.393035397408,-0.664120300573,-0.174881662288,-0.494665558606
0.00026748689945,0.19375829077,0,0,-0.492670257966,-0.393035397408,-0.664120300573,-0.174881662288,-0.494665558606
0.00138161427175,0.195433850908,0,0,-0.492670257966,-0.393035397408,-0.664120300573,-0.174881662288,-0.494665558606
0.000268452485079,0.199174395714,0,0,-0.48296161836,-0.393035397408,-0.664120300573,-0.174881662288,-0.494665558606
0.000714235010829,0.190983874624,0,0,-0.492670257966,-0.393035397408,-0.664120300573,-0.174881662288,-0.494665558606
0.000874857482048,0.194632204668,0,0,-0.492670257966,-0.393035397408,-0.664120300573,-0.174881662288,-0.494665558606
0.00026748689945,0.19375829077,0,0,-0.488494774442,-0.393035397408,-0.664120300573,-0.174881662288,-0.494665558606
0.000714235010829,0.190983874624,0,0,-0.492260394553,-0.392071623491,-0.664120300573,-0.174881662288,-0.494665558606
0.00138161427175,0.195433850908,0,0,-0.492670257966,-0.393035397408,-0.664120300573,-0.174881662288,-0.494665558606
0.000268452485079,0.199174395714,0,0,-0.49261902504,-0.392914925668,-0.664120300573,-0.174881662288,-0.494665558606
0.000874857482048,0.194632204668,0,0,-0.492670257966,-0.393035397408,-0.664120300573,-0.174881662288,-0.494665558606
0.000603150182345,0.197977082406,0,0,-0.492670257966,-0.393035397408,-0.664120300573,-0.174881662288,-0.494665558606
6.94786521325e-07,0.200362619858,0,0,-0.492670257966,-0.393035397408,-0.664120300573,-0.174881662288,-0.494665558606
0.00138161427175,0.195433850908,0,0,-0.492670257966,-0.393035397408,-0.664120300573,-0.174881662288,-0.494665558606
2.14395062659,2.36495871644,0,0,-0.492670257966,-0.393035397408,0.794445890823,-0.174881662288,1.66039213924
0.0635211862314,0.00198353280492,0,0,-0.36171889737,-0.280996679535,0.0651627951249,-0.174881662288,-0.0636540190381
-0.914693981089,-0.868586271692,0,0,3.06228005858,0.153364177766,3.95467263885,1.30840782937,2.52241521837
-0.914693981089,-0.868586271692,0,0,2.95310269182,0.618083913459,0.211019414265,-0.174881662288,0.0800164941514
-0.914693981089,-0.868586271692,0,0,0.434594482035,0.212816981282,0.0165439220783,-0.174881662288,-0.0636540190381
-0.914693981089,-0.868586271692,0,0,1.69077461133,0.985643191125,0.745827017777,-0.174881662288,1.51672162605
-0.914693981089,-0.868586271692,0,0,-0.492670257966,-0.393035397408,0.648589271684,-0.174881662288,-0.207324532228
1.66517630174,1.68093958433,0,0,-0.358875469939,-0.261540493582,2.30163095527,-0.174881662288,1.51672162605
-1.08002612204,-0.972225534132,0,0,-0.377498638787,-0.299730035051,2.30163095527,-0.174881662288,4.53380240302
1.35862295705,1.41147750199,0,0,-0.492670257966,-0.393035397408,-0.664120300573,-0.174881662288,-0.494665558606
-1.12135915728,-1.07586479657,0,0,-0.491389434799,-0.390023603917,-0.0320749509682,-0.174881662288,-0.350995045417
3.68705060884,3.78481661187,0,0,-0.492670257966,-0.393035397408,1.42649124043,6.74713596544,-0.350995045417
2.94994481375,3.05934177479,0,0,-0.492670257966,-0.393035397408,1.47511011348,-0.174881662288,-0.207324532228
-0.914693981089,-0.868586271692,0,0,-0.492670257966,-0.393035397408,1.76682335175,-0.174881662288,0.51102803372
0.00138161427175,0.195433850908,0,0,-0.492670257966,-0.393035397408,-0.664120300573,-0.174881662288,-0.494665558606
1.16573545927,1.32856609204,0,0,-0.492670257966,-0.393035397408,1.37787236738,-0.174881662288,2.52241521837
0.00138166478991,0.19390215243,0,0,-0.48296161836,-0.393035397408,-0.664120300573,-0.174881662288,-0.494665558606
0.000874857482048,0.194632204668,0,0,-0.492670257966,-0.393035397408,-0.664120300573,-0.174881662288,-0.494665558606
0.000809545545671,0.191841292606,0,0,-0.492670257966,-0.393035397408,-0.664120300573,-0.174881662288,-0.494665558606
0.000874857482048,0.194632204668,0,0,-0.489468200049,-0.393035397408,-0.664120300573,-0.174881662288,-0.494665558606
0.000603150182345,0.197977082406,0,0,-0.492670257966,-0.393035397408,-0.664120300573,-0.174881662288,-0.494665558606
0.000268452485079,0.199174395714,0,0,-0.492670257966,-0.393035397408,-0.664120300573,-0.174881662288,-0.494665558606
0.00138166478991,0.19390215243,0,0,0.309560524469,0.224924391117,-0.664120300573,-0.174881662288,-0.494665558606
-0.914693981089,-0.868586271692,0,0,0.94013538606,0.119150203706,0.211019414265,-0.174881662288,0.0800164941514
-0.914693981089,-0.868586271692,0,0,0.972821993283,0.264077706503,0.0165439220783,-0.174881662288,-0.0636540190381
-0.914693981089,-0.868586271692,0,0,0.197770278451,0.140353229884,-0.0806938240148,-0.174881662288,-0.350995045417
-0.914693981089,-0.868586271692,0,0,0.272032405675,0.319012819782,-0.0806938240148,-0.174881662288,-0.494665558606
-0.914693981089,-0.868586271692,0,0,1.12267830382,1.00534032056,-0.129312697061,-0.174881662288,-0.494665558606
-0.914693981089,-0.868586271692,0,0,5.48908132961,1.74449467917,0.405494906451,-0.174881662288,1.22938059967
-0.914693981089,-0.868586271692,0,0,1.0953711539,1.98073976062,-0.0806938240148,-0.174881662288,-0.207324532228
-0.914693981089,-0.868586271692,0,0,0.442202571647,0.101320386238,-0.0806938240148,-0.174881662288,-0.207324532228
-0.914693981089,-0.868586271692,0,0,2.50586485836,0.155111017991,1.0861591291,-0.174881662288,0.51102803372
0.0045252602664,-0.0403002326048,0,0,-0.492670257966,-0.393035397408,-0.664120300573,-0.174881662288,-0.494665558606
0.00386780208207,-0.0196007600015,0,0,-0.492670257966,-0.393035397408,-0.664120300573,-0.174881662288,-0.494665558606
0.00517050224254,-0.0339344465529,0,0,-0.492670257966,-0.393035397408,-0.664120300573,-0.174881662288,-0.494665558606
0.00455001186567,-0.0289753665741,0,0,-0.492670257966,-0.393035397408,-0.664120300573,-0.174881662288,-0.494665558606
0.0045252602664,-0.0403002326048,0,0,-0.492670257966,-0.393035397408,-0.664120300573,-0.174881662288,-0.494665558606
0.00517050224254,-0.0339344465529,0,0,-0.492670257966,-0.393035397408,-0.664120300573,-0.174881662288,-0.494665558606
0.00569438927907,-0.0430181308066,0,0,-0.492670257966,-0.393035397408,-0.664120300573,-0.174881662288,-0.494665558606
0.00386780208207,-0.0196007600015,0,0,-0.48296161836,-0.393035397408,-0.664120300573,-0.174881662288,-0.494665558606
0.0045252602664,-0.0403002326048,0,0,-0.492670257966,-0.393035397408,-0.664120300573,-0.174881662288,-0.494665558606
0.00455001186567,-0.0289753665741,0,0,-0.492670257966,-0.393035397408,-0.664120300573,-0.174881662288,-0.494665558606
0.00517050224254,-0.0339344465529,0,0,-0.488494774442,-0.393035397408,-0.664120300573,-0.174881662288,-0.494665558606
0.0045252602664,-0.0403002326048,0,0,-0.492260394553,-0.392071623491,-0.664120300573,-0.174881662288,-0.494665558606
0.00569438927907,-0.0430181308066,0,0,-0.492670257966,-0.393035397408,-0.664120300573,-0.174881662288,-0.494665558606
0.00386780208207,-0.0196007600015,0,0,-0.49261902504,-0.393035397408,-0.664120300573,-0.174881662288,-0.494665558606
0.00455001186567,-0.0289753665741,0,0,-0.492670257966,-0.393035397408,-0.664120300573,-0.174881662288,-0.494665558606
0.00417318776852,-0.0241632677972,0,0,-0.492670257966,-0.393035397408,-0.664120300573,-0.174881662288,-0.494665558606
0.00376288735724,-0.015791619823,0,0,-0.492670257966,-0.393035397408,-0.664120300573,-0.174881662288,-0.494665558606
0.00569438927907,-0.0430181308066,0,0,-0.492670257966,-0.393035397408,-0.664120300573,-0.174881662288,-0.494665558606
2.11639526976,2.19913589653,0,0,-0.492670257966,-0.393035397408,0.794445890823,-0.174881662288,1.66039213924
0.0359658294055,-0.0394721721711,0,0,-0.359874512009,-0.281056915405,0.0651627951249,-0.174881662288,-0.0636540190381
-0.914693981089,-0.868586271692,0,0,2.10609433147,0.461771831265,3.95467263885,1.30840782937,2.52241521837
-0.914693981089,-0.868586271692,0,0,2.94608378087,0.591519894866,0.211019414265,-0.174881662288,0.0800164941514
-0.914693981089,-0.868586271692,0,0,0.435516674715,0.233417648762,0.0165439220783,-0.174881662288,-0.0636540190381
-0.914693981089,-0.868586271692,0,0,1.68560008573,0.147882713612,0.745827017777,-0.174881662288,1.51672162605
-0.914693981089,-0.868586271692,0,0,-0.492670257966,-0.393035397408,0.648589271684,-0.174881662288,-0.207324532228
1.66517630174,1.53584461692,0,0,-0.361513965663,-0.266238891428,2.30163095527,-0.174881662288,1.51672162605
-1.08002612204,-0.972225534132,0,0,-0.371478769902,-0.291598192624,2.30163095527,-0.174881662288,4.53380240302
1.35862295705,1.41147750199,0,0,-0.492670257966,-0.393035397408,-0.664120300573,-0.174881662288,-0.494665558606
-1.12135915728,-1.07586479657,0,0,-0.491389434799,-0.390023603917,-0.0320749509682,-0.174881662288,-0.350995045417
3.68360618924,3.78481661187,0,0,-0.492670257966,-0.393035397408,1.42649124043,-0.174881662288,-0.350995045417
2.98783342938,3.08006962727,0,0,-0.492670257966,-0.393035397408,1.47511011348,-0.174881662288,-0.207324532228
-0.914693981089,-0.868586271692,0,0,-0.492670257966,-0.393035397408,1.76682335175,-0.174881662288,0.51102803372
0.00569438927907,-0.0430181308066,0,0,-0.492670257966,-0.393035397408,-0.664120300573,-0.174881662288,-0.494665558606
1.16573545927,1.03837615721,0,0,-0.49208107931,-0.391649972402,1.37787236738,-0.174881662288,2.52241521837
0.00627068545615,-0.0462636634027,0,0,-0.48296161836,-0.393035397408,-0.664120300573,-0.174881662288,-0.494665558606
0.00455001186567,-0.0289753665741,0,0,-0.492670257966,-0.393035397408,-0.664120300573,-0.174881662288,-0.494665558606
0.00440544727864,-0.0341406955945,0,0,-0.492670257966,-0.393035397408,-0.664120300573,-0.174881662288,-0.494665558606
0.00455001186567,-0.0289753665741,0,0,-0.489468200049,-0.393035397408,-0.664120300573,-0.174881662288,-0.494665558606
0.00417318776852,-0.0241632677972,0,0,-0.492670257966,-0.393035397408,-0.664120300573,-0.174881662288,-0.494665558606
0.00386780208207,-0.0196007600015,0,0,-0.492670257966,-0.393035397408,-0.664120300573,-0.174881662288,-0.494665558606
0.00627068545615,-0.0462636634027,0,0,0.304104217778,0.220707880229,-0.664120300573,-0.174881662288,-0.494665558606
-0.914693981089,-0.868586271692,0,0,0.946949365309,0.119150203706,0.211019414265,-0.174881662288,0.0800164941514
-0.914693981089,-0.868586271692,0,0,0.967954865248,0.27883549461,0.0165439220783,-0.174881662288,-0.0636540190381
-0.914693981089,-0.868586271692,0,0,0.204251243676,0.159568472358,-0.0806938240148,-0.174881662288,-0.350995045417
-0.914693981089,-0.868586271692,0,0,0.270316102632,0.310820741486,-0.0806938240148,-0.174881662288,-0.494665558606
-0.914693981089,-0.868586271692,0,0,1.20442043834,0.31973565022,-0.129312697061,-0.174881662288,-0.494665558606
-0.914693981089,-0.868586271692,0,0,5.48851776742,1.69341466156,0.405494906451,-0.174881662288,1.22938059967
-0.914693981089,-0.868586271692,0,0,1.59261232381,3.15076129608,-0.0806938240148,-0.174881662288,-0.207324532228
-0.914693981089,-0.868586271692,0,0,0.270444184948,0.109813643883,-0.0806938240148,-0.174881662288,-0.207324532228
-0.914693981089,-0.868586271692,0,0,2.70715902729,0.618686272157,1.0861591291,-0.174881662288,0.51102803372
0.00715415497344,-0.126261483498,0,0,-0.492670257966,-0.393035397408,-0.664120300573,-0.174881662288,-0.494665558606
0.00715956156408,-0.122369604641,0,0,-0.492670257966,-0.393035397408,-0.664120300573,-0.174881662288,-0.494665558606
0.00808528836921,-0.12225239209,0,0,-0.492670257966,-0.393035397408,-0.664120300573,-0.174881662288,-0.494665558606
0.00754769024637,-0.123007725399,0,0,-0.492670257966,-0.393035397408,-0.664120300573,-0.174881662288,-0.494665558606
0.00715415497344,-0.126261483498,0,0,-0.492670257966,-0.393035397408,-0.664120300573,-0.174881662288,-0.494665558606
0.00808528836921,-0.12225239209,0,0,-0.492670257966,-0.393035397408,-0.664120300573,-0.174881662288,-0.494665558606
0.00738536738001,-0.125399336111,0,0,-0.492670257966,-0.393035397408,-0.664120300573,-0.174881662288,-0.494665558606
0.00715956156408,-0.122369604641,0,0,-0.48296161836,-0.393035397408,-0.664120300573,-0.174881662288,-0.494665558606
0.00715415497344,-0.126261483498,0,0,-0.492670257966,-0.393035397408,-0.664120300573,-0.174881662288,-0.494665558606
0.00754769024637,-0.123007725399,0,0,-0.492670257966,-0.393035397408,-0.664120300573,-0.174881662288,-0.494665558606
0.00808528836921,-0.12225239209,0,0,-0.488494774442,-0.393035397408,-0.664120300573,-0.174881662288,-0.494665558606
0.00715415497344,-0.126261483498,0,0,-0.492260394553,-0.392071623491,-0.664120300573,-0.174881662288,-0.494665558606
0.00738536738001,-0.125399336111,0,0,-0.492670257966,-0.393035397408,-0.664120300573,-0.174881662288,-0.494665558606
0.00715956156408,-0.122369604641,0,0,-0.49261902504,-0.393035397408,-0.664120300573,-0.174881662288,-0.494665558606
0.00754769024637,-0.123007725399,0,0,-0.492670257966,-0.393035397408,-0.664120300573,-0.174881662288,-0.494665558606
0.00752030136983,-0.12251005657,0,0,-0.492670257966,-0.393035397408,-0.664120300573,-0.174881662288,-0.494665558606
0.00759024490243,-0.121835872804,0,0,-0.492670257966,-0.393035397408,-0.664120300573,-0.174881662288,-0.494665558606
0.00738536738001,-0.125399336111,0,0,-0.492670257966,-0.393035397408,-0.664120300573,-0.174881662288,-0.494665558606
2.07506223452,1.99185737165,0,0,-0.492670257966,-0.393035397408,0.794445890823,-0.174881662288,1.66039213924
0.0359658294055,0.0434392377809,0,0,-0.357466564455,-0.285815549121,0.0651627951249,-0.174881662288,-0.0636540190381
-0.914693981089,-0.868586271692,0,0,2.11736557534,0.481228017218,3.95467263885,1.30840782937,2.52241521837
-0.914693981089,-0.868586271692,0,0,2.79328157704,0.591278951387,0.211019414265,-0.174881662288,0.0800164941514
-0.914693981089,-0.868586271692,0,0,0.44322723018,0.238236518348,0.0165439220783,-0.174881662288,-0.0636540190381
-0.914693981089,-0.868586271692,0,0,1.68680405951,0.133185161375,0.745827017777,-0.174881662288,1.51672162605
-0.914693981089,-0.868586271692,0,0,-0.492670257966,-0.393035397408,0.648589271684,-0.174881662288,-0.207324532228
1.68584281936,1.56693639565,0,0,-0.359285333352,-0.257745633783,2.30163095527,-0.174881662288,1.51672162605
-1.07313728284,-0.951497681644,0,0,-0.373092607093,-0.287080502388,2.30163095527,-0.174881662288,4.53380240302
1.35862295705,0.996920452229,0,0,-0.492670257966,-0.393035397408,-0.664120300573,-0.174881662288,-0.494665558606
-1.12135915728,-1.07586479657,0,0,-0.491389434799,-0.393035397408,-0.0320749509682,-0.174881662288,-0.350995045417
3.66293967162,3.77445268562,0,0,-0.492670257966,-0.393035397408,1.42649124043,7.73599562655,-0.350995045417
2.99127784899,3.09043355352,0,0,-0.492670257966,-0.393035397408,1.47511011348,0.813977998817,-0.207324532228
-0.914693981089,-0.868586271692,0,0,-0.492670257966,-0.393035397408,1.76682335175,-0.174881662288,0.51102803372
0.00738536738001,-0.125399336111,0,0,-0.492670257966,-0.393035397408,-0.664120300573,-0.174881662288,-0.494665558606
1.15195778086,1.28711038706,0,0,-0.49208107931,-0.391649972402,1.37787236738,-0.174881662288,2.52241521837
0.00808324582838,-0.123014983602,0,0,-0.48296161836,-0.393035397408,-0.664120300573,-0.174881662288,-0.494665558606
0.00754769024637,-0.123007725399,0,0,-0.492670257966,-0.393035397408,-0.664120300573,-0.174881662288,-0.494665558606
0.00723902202805,-0.124351259887,0,0,-0.492670257966,-0.393035397408,-0.664120300573,-0.174881662288,-0.494665558606
0.00754769024637,-0.123007725399,0,0,-0.492670257966,-0.393035397408,-0.664120300573,-0.174881662288,-0.494665558606
0.00752030136983,-0.12251005657,0,0,-0.492670257966,-0.393035397408,-0.664120300573,-0.174881662288,-0.494665558606
0.00715956156408,-0.122369604641,0,0,-0.492183545163,-0.391890915881,-0.664120300573,-0.174881662288,-0.494665558606
0.00808324582838,-0.123014983602,0,0,0.309637373859,0.238838877046,-0.664120300573,-0.174881662288,-0.494665558606
-0.914693981089,-0.868586271692,0,0,0.946488268969,0.103187698203,0.211019414265,-0.174881662288,0.0800164941514
-0.914693981089,-0.868586271692,0,0,0.970055415242,0.28558191203,0.0165439220783,-0.174881662288,-0.0636540190381
-0.914693981089,-0.868586271692,0,0,0.202355625389,0.161194840843,-0.0806938240148,-0.174881662288,-0.350995045417
-0.914693981089,-0.868586271692,0,0,0.26416815143,0.302267247971,-0.0806938240148,-0.174881662288,-0.494665558606
-0.914693981089,-0.868586271692,0,0,1.19256001582,0.31991635783,-0.129312697061,-0.174881662288,-0.494665558606
-0.914693981089,-0.868586271692,0,0,5.48974735766,1.69395678439,0.405494906451,-0.174881662288,1.22938059967
-0.914693981089,-0.868586271692,0,0,1.59563506648,3.13799129168,-0.0806938240148,-0.174881662288,-0.207324532228
-0.914693981089,-0.868586271692,0,0,0.384872926691,0.381899067879,-0.0806938240148,-0.174881662288,-0.207324532228
-0.914693981089,-0.868586271692,0,0,2.72250328883,0.671452894123,1.0861591291,-0.174881662288,0.51102803372
0.00751800509009,-0.126845159096,0,0,-0.492670257966,-0.393035397408,-0.664120300573,-0.174881662288,-0.494665558606
0.00726858662964,-0.126079071486,0,0,-0.492670257966,-0.393035397408,-0.664120300573,-0.174881662288,-0.494665558606
0.00852794680638,-0.125470829928,0,0,-0.492670257966,-0.393035397408,-0.664120300573,-0.174881662288,-0.494665558606
0.00750133065479,-0.124810754921,0,0,-0.492670257966,-0.393035397408,-0.664120300573,-0.174881662288,-0.494665558606
0.00751800509009,-0.126845159096,0,0,-0.492670257966,-0.393035397408,-0.664120300573,-0.174881662288,-0.494665558606
0.00852794680638,-0.125470829928,0,0,-0.492670257966,-0.393035397408,-0.664120300573,-0.174881662288,-0.494665558606
0.00784674164516,-0.127846089819,0,0,-0.492670257966,-0.393035397408,-0.664120300573,-0.174881662288,-0.494665558606
0.00726858662964,-0.126079071486,0,0,-0.48296161836,-0.393035397408,-0.664120300573,-0.174881662288,-0.494665558606
0.00751800509009,-0.126845159096,0,0,-0.492670257966,-0.393035397408,-0.664120300573,-0.174881662288,-0.494665558606
0.00750133065479,-0.124810754921,0,0,-0.492670257966,-0.393035397408,-0.664120300573,-0.174881662288,-0.494665558606
0.00852794680638,-0.125470829928,0,0,-0.488494774442,-0.393035397408,-0.664120300573,-0.174881662288,-0.494665558606
0.00751800509009,-0.126845159096,0,0,-0.492260394553,-0.392071623491,-0.664120300573,-0.174881662288,-0.494665558606
0.00784674164516,-0.127846089819,0,0,-0.492670257966,-0.393035397408,-0.664120300573,-0.174881662288,-0.494665558606
0.00726858662964,-0.126079071486,0,0,-0.49261902504,-0.393035397408,-0.664120300573,-0.174881662288,-0.494665558606
0.00750133065479,-0.124810754921,0,0,-0.492670257966,-0.393035397408,-0.664120300573,-0.174881662288,-0.494665558606
0.00741550834782,-0.125170676806,0,0,-0.492670257966,-0.393035397408,-0.664120300573,-0.174881662288,-0.494665558606
0.00786501429116,-0.12637830222,0,0,-0.492670257966,-0.393035397408,-0.664120300573,-0.174881662288,-0.494665558606
0.00784674164516,-0.127846089819,0,0,-0.492670257966,-0.393035397408,-0.664120300573,-0.174881662288,-0.494665558606
2.08883991294,2.07476878161,0,0,-0.492670257966,-0.393035397408,0.794445890823,-0.174881662288,1.66039213924
0.0221881509925,-0.163839287099,0,0,-0.356569988238,-0.285875784991,0.0651627951249,-0.174881662288,-0.0636540190381
-0.914693981089,-0.868586271692,0,0,1.44741820959,0.483215800923,3.95467263885,0.319548168264,2.52241521837
-0.914693981089,-0.868586271692,0,0,2.79502349655,0.10403100038,0.211019414265,-0.174881662288,0.0800164941514
-0.914693981089,-0.868586271692,0,0,0.438821198486,0.239621943354,0.0165439220783,-0.174881662288,-0.0636540190381
-0.914693981089,-0.868586271692,0,0,1.64358908585,0.138004030961,0.745827017777,-0.174881662288,1.51672162605
-0.914693981089,-0.868586271692,0,0,-0.492670257966,-0.393035397408,0.648589271684,-0.174881662288,-0.207324532228
1.70650933698,1.72239528931,0,0,-0.355366014461,-0.283345878458,2.30163095527,-0.174881662288,1.51672162605
-1.07313728284,-0.951497681644,0,0,-0.371786167462,-0.279671490399,2.30163095527,-0.174881662288,4.53380240302
1.35862295705,0.996920452229,0,0,-0.492670257966,-0.393035397408,-0.664120300573,-0.174881662288,-0.494665558606
-1.12135915728,-1.07586479657,0,0,-0.491389434799,-0.393035397408,-0.0320749509682,-0.174881662288,-0.350995045417
3.69738386765,3.76408875938,0,0,-0.492670257966,-0.393035397408,1.42649124043,7.73599562655,-0.350995045417
2.99816668819,3.08006962727,0,0,-0.492670257966,-0.393035397408,1.47511011348,0.813977998817,-0.207324532228
-0.914693981089,-0.868586271692,0,0,-0.492670257966,-0.393035397408,1.76682335175,-0.174881662288,0.51102803372
0.00784674164516,-0.127846089819,0,0,-0.492670257966,-0.393035397408,-0.664120300573,-0.174881662288,-0.494665558606
1.13818010244,1.20419897711,0,0,-0.49208107931,-0.391649972402,1.37787236738,-0.174881662288,2.52241521837
0.0085737575871,-0.126799709825,0,0,-0.48296161836,-0.393035397408,-0.664120300573,-0.174881662288,-0.494665558606
0.00750133065479,-0.124810754921,0,0,-0.492670257966,-0.393035397408,-0.664120300573,-0.174881662288,-0.494665558606
0.00728078217132,-0.12494289498,0,0,-0.492670257966,-0.393035397408,-0.664120300573,-0.174881662288,-0.494665558606
0.00750133065479,-0.124810754921,0,0,-0.492670257966,-0.393035397408,-0.664120300573,-0.174881662288,-0.494665558606
0.00741550834782,-0.125170676806,0,0,-0.492670257966,-0.393035397408,-0.664120300573,-0.174881662288,-0.494665558606
0.00726858662964,-0.126079071486,0,0,-0.492183545163,-0.391890915881,-0.664120300573,-0.174881662288,-0.494665558606
0.0085737575871,-0.126799709825,0,0,0.309586140933,0.23408024333,-0.664120300573,-0.174881662288,-0.494665558606
-0.914693981089,-0.868586271692,0,0,0.945694158605,0.0819846720245,0.211019414265,-0.174881662288,0.0800164941514
-0.914693981089,-0.868586271692,0,0,0.971387471336,0.269800114136,0.0165439220783,-0.174881662288,-0.0636540190381
-0.914693981089,-0.868586271692,0,0,0.196130824797,0.147641770133,-0.0806938240148,-0.174881662288,-0.350995045417
-0.914693981089,-0.868586271692,0,0,0.309534908006,0.245344350987,-0.0806938240148,-0.174881662288,-0.494665558606
-0.914693981089,-0.868586271692,0,0,1.19560837496,0.325156878504,-0.129312697061,-0.174881662288,-0.494665558606
-0.914693981089,-0.868586271692,0,0,5.57937936289,0.837462951358,0.405494906451,-0.174881662288,1.22938059967
-0.914693981089,-0.868586271692,0,0,1.58830875797,1.62161350473,-0.0806938240148,-0.174881662288,-0.207324532228
-0.914693981089,-0.868586271692,0,0,0.373473600504,0.388826192908,-0.0806938240148,-0.174881662288,-0.207324532228
-0.914693981089,-0.868586271692,0,0,2.20902128117,1.32952977195,1.0861591291,-0.174881662288,0.51102803372
0.0090124859415,-0.122725750603,0,0,-0.492670257966,-0.393035397408,-0.664120300573,-0.174881662288,-0.494665558606
0.00942821590621,-0.120019235447,0,0,-0.492670257966,-0.393035397408,-0.664120300573,-0.174881662288,-0.494665558606
0.00985031919533,-0.121778912665,0,0,-0.492670257966,-0.393035397408,-0.664120300573,-0.174881662288,-0.494665558606
0.00955556987662,-0.121116101581,0,0,-0.492670257966,-0.393035397408,-0.664120300573,-0.174881662288,-0.494665558606
0.0090124859415,-0.122725750603,0,0,-0.492670257966,-0.393035397408,-0.664120300573,-0.174881662288,-0.494665558606
0.00985031919533,-0.121778912665,0,0,-0.492670257966,-0.393035397408,-0.664120300573,-0.174881662288,-0.494665558606
0.00911488049933,-0.125069383245,0,0,-0.492670257966,-0.393035397408,-0.664120300573,-0.174881662288,-0.494665558606
0.00942821590621,-0.120019235447,0,0,-0.48296161836,-0.393035397408,-0.664120300573,-0.174881662288,-0.494665558606
0.0090124859415,-0.122725750603,0,0,-0.492670257966,-0.393035397408,-0.664120300573,-0.174881662288,-0.494665558606
0.00955556987662,-0.121116101581,0,0,-0.492670257966,-0.393035397408,-0.664120300573,-0.174881662288,-0.494665558606
0.00985031919533,-0.121778912665,0,0,-0.488494774442,-0.393035397408,-0.664120300573,-0.174881662288,-0.494665558606
0.0090124859415,-0.122725750603,0,0,-0.492260394553,-0.392071623491,-0.664120300573,-0.174881662288,-0.494665558606
0.00911488049933,-0.125069383245,0,0,-0.492670257966,-0.393035397408,-0.664120300573,-0.174881662288,-0.494665558606
0.00942821590621,-0.120019235447,0,0,-0.49261902504,-0.393035397408,-0.664120300573,-0.174881662288,-0.494665558606
0.00955556987662,-0.121116101581,0,0,-0.492670257966,-0.393035397408,-0.664120300573,-0.174881662288,-0.494665558606
0.00929355172927,-0.120353250971,0,0,-0.492670257966,-0.393035397408,-0.664120300573,-0.174881662288,-0.494665558606
0.0101226855273,-0.119719476153,0,0,-0.492670257966,-0.393035397408,-0.664120300573,-0.174881662288,-0.494665558606
0.00911488049933,-0.125069383245,0,0,-0.492670257966,-0.393035397408,-0.664120300573,-0.174881662288,-0.494665558606
2.07506223452,2.03331307663,0,0,-0.492670257966,-0.393035397408,0.794445890823,-0.174881662288,1.66039213924
-0.00536720583344,-0.205294992075,0,0,-0.357492180918,-0.290092295879,0.0651627951249,-0.174881662288,-0.0636540190381
-0.914693981089,-0.868586271692,0,0,1.61282371338,0.884326458081,3.95467263885,0.813977998817,2.52241521837
-0.914693981089,-0.868586271692,0,0,2.03977330788,0.10415147212,0.211019414265,-0.174881662288,0.0800164941514
-0.914693981089,-0.868586271692,0,0,0.343553571322,0.214865000856,0.0165439220783,-0.174881662288,-0.0636540190381
-0.914693981089,-0.868586271692,0,0,1.644536895,0.144931155991,0.745827017777,-0.174881662288,1.51672162605
-0.914693981089,-0.868586271692,0,0,-0.492670257966,-0.393035397408,0.648589271684,-0.174881662288,-0.207324532228
1.67206514094,1.61875602687,0,0,-0.355545329704,-0.28617696434,2.30163095527,-0.174881662288,1.51672162605
-1.06969286323,-1.00331731286,0,0,-0.374194115016,-0.282442340411,2.30163095527,-0.174881662288,4.53380240302
1.35862295705,0.996920452229,0,0,-0.492670257966,-0.393035397408,-0.664120300573,-0.174881662288,-0.494665558606
-1.12135915728,-1.07586479657,0,0,-0.491389434799,-0.393035397408,-0.0320749509682,-0.174881662288,-0.350995045417
3.70427270686,3.78481661187,0,0,-0.492670257966,-0.393035397408,1.42649124043,7.73599562655,-0.350995045417
3.02227762542,3.13188925849,0,0,-0.492670257966,-0.393035397408,1.47511011348,0.813977998817,-0.207324532228
-0.914693981089,-0.868586271692,0,0,-0.492670257966,-0.393035397408,1.76682335175,-0.174881662288,0.51102803372
0.00911488049933,-0.125069383245,0,0,-0.492670257966,-0.393035397408,-0.664120300573,-0.174881662288,-0.494665558606
1.15195778086,0.996920452229,0,0,-0.49208107931,-0.391649972402,1.37787236738,-0.174881662288,2.52241521837
0.00930635463693,-0.123711339261,0,0,-0.48296161836,-0.393035397408,-0.664120300573,-0.174881662288,-0.494665558606
0.00955556987662,-0.121116101581,0,0,-0.492670257966,-0.393035397408,-0.664120300573,-0.174881662288,-0.494665558606
0.00914701693423,-0.122080803473,0,0,-0.492670257966,-0.393035397408,-0.664120300573,-0.174881662288,-0.494665558606
0.00955556987662,-0.121116101581,0,0,-0.492670257966,-0.393035397408,-0.664120300573,-0.174881662288,-0.494665558606
0.00929355172927,-0.120353250971,0,0,-0.492670257966,-0.393035397408,-0.664120300573,-0.174881662288,-0.494665558606
0.00942821590621,-0.120019235447,0,0,-0.492183545163,-0.391890915881,-0.664120300573,-0.174881662288,-0.494665558606
0.00930635463693,-0.123711339261,0,0,0.346730012777,0.325397821984,-0.664120300573,-0.174881662288,-0.494665558606
-0.914693981089,-0.868586271692,0,0,1.05781741865,0.349251226434,0.211019414265,-0.174881662288,0.0800164941514
-0.914693981089,-0.868586271692,0,0,0.968825825002,0.232875525934,0.0165439220783,-0.174881662288,-0.0636540190381
-0.914693981089,-0.868586271692,0,0,0.678130199013,1.29682169464,-0.0806938240148,-0.174881662288,-0.350995045417
-0.914693981089,-0.868586271692,0,0,0.31171230739,0.239320764005,-0.0806938240148,-0.174881662288,-0.494665558606
-0.914693981089,-0.868586271692,0,0,1.26415803085,1.31073618057,-0.129312697061,-0.174881662288,-0.494665558606
-0.914693981089,-0.868586271692,0,0,5.58437457324,0.393524590755,0.405494906451,-0.174881662288,1.22938059967
-0.914693981089,-0.868586271692,0,0,3.22517514896,5.46827615169,-0.0806938240148,-0.174881662288,-0.207324532228
-0.914693981089,-0.868586271692,0,0,0.375676616351,0.400632423394,-0.0806938240148,-0.174881662288,-0.207324532228
-0.914693981089,-0.868586271692,0,0,2.20958484336,1.30941099143,1.0861591291,-0.174881662288,0.51102803372
0.001607956269,-0.135309294748,0,0,-0.492670257966,-0.393035397408,-0.664120300573,-0.174881662288,-0.494665558606
0.0032234315441,-0.135666083273,0,0,-0.492670257966,-0.393035397408,-0.664120300573,-0.174881662288,-0.494665558606
0.00272669342288,-0.135532253893,0,0,-0.492670257966,-0.393035397408,-0.664120300573,-0.174881662288,-0.494665558606
0.00204099559036,-0.134919486754,0,0,-0.492670257966,-0.393035397408,-0.664120300573,-0.174881662288,-0.494665558606
0.001607956269,-0.135309294748,0,0,-0.492670257966,-0.393035397408,-0.664120300573,-0.174881662288,-0.494665558606
0.00272669342288,-0.135532253893,0,0,-0.492670257966,-0.393035397408,-0.664120300573,-0.174881662288,-0.494665558606
0.00144026010806,-0.137911065156,0,0,-0.492670257966,-0.393035397408,-0.664120300573,-0.174881662288,-0.494665558606
0.0032234315441,-0.135666083273,0,0,-0.48296161836,-0.393035397408,-0.664120300573,-0.174881662288,-0.494665558606
0.001607956269,-0.135309294748,0,0,-0.492670257966,-0.393035397408,-0.664120300573,-0.174881662288,-0.494665558606
0.00204099559036,-0.134919486754,0,0,-0.488187376882,-0.382494120189,-0.664120300573,-0.174881662288,-0.494665558606
0.00272669342288,-0.135532253893,0,0,-0.488494774442,-0.393035397408,-0.664120300573,-0.174881662288,-0.494665558606
0.001607956269,-0.135309294748,0,0,-0.492260394553,-0.393035397408,-0.664120300573,-0.174881662288,-0.494665558606
0.00144026010806,-0.137911065156,0,0,-0.492670257966,-0.393035397408,-0.664120300573,-0.174881662288,-0.494665558606
0.0032234315441,-0.135666083273,0,0,-0.49261902504,-0.393035397408,-0.664120300573,-0.174881662288,-0.494665558606
0.00204099559036,-0.134919486754,0,0,-0.492670257966,-0.393035397408,-0.664120300573,-0.174881662288,-0.494665558606
0.00264193888598,-0.135060650339,0,0,-0.492670257966,-0.393035397408,-0.664120300573,-0.174881662288,-0.494665558606
0.00380447183511,-0.135032419004,0,0,-0.492670257966,-0.393035397408,-0.664120300573,-0.174881662288,-0.494665558606
0.00144026010806,-0.137911065156,0,0,-0.492670257966,-0.393035397408,-0.664120300573,-0.174881662288,-0.494665558606
2.08883991294,1.99185737165,0,0,-0.492670257966,-0.393035397408,0.794445890823,-0.174881662288,1.66039213924
-0.0604779194853,-0.205294992075,0,0,-0.354315739464,-0.287200974127,0.0651627951249,-0.174881662288,-0.0636540190381
-0.914693981089,-0.868586271692,0,0,1.81862637986,1.46686755515,3.95467263885,0.813977998817,2.52241521837
-0.914693981089,-0.868586271692,0,0,2.08923869859,0.204082780158,0.211019414265,-0.174881662288,0.0800164941514
-0.914693981089,-0.868586271692,0,0,0.343374256079,0.229803496573,0.0165439220783,-0.174881662288,-0.0636540190381
-0.914693981089,-0.868586271692,0,0,1.59794054818,0.150713799494,0.745827017777,-0.174881662288,1.51672162605
-0.914693981089,-0.868586271692,0,0,-0.492670257966,-0.393035397408,0.648589271684,-0.174881662288,-0.207324532228
1.59284349007,1.55657246941,0,0,-0.35321423154,-0.294188335027,2.30163095527,-0.174881662288,1.51672162605
-1.06969286323,-1.04477301784,0,0,-0.372349729656,-0.287140738257,2.30163095527,-0.174881662288,4.53380240302
1.35862295705,0.996920452229,0,0,-0.492670257966,-0.393035397408,-0.664120300573,-0.174881662288,-0.494665558606
-1.12135915728,-1.07586479657,0,0,-0.491389434799,-0.393035397408,-0.0320749509682,-0.174881662288,-0.350995045417
3.70771712646,3.77445268562,0,0,-0.492670257966,-0.393035397408,1.42649124043,7.73599562655,-0.350995045417
3.0016111078,3.14225318474,0,0,-0.492670257966,-0.393035397408,1.47511011348,6.74713596544,-0.207324532228
-0.914693981089,-0.868586271692,0,0,-0.492670257966,-0.393035397408,1.76682335175,-0.174881662288,0.51102803372
0.00144026010806,-0.137911065156,0,0,-0.492670257966,-0.393035397408,-0.664120300573,-0.174881662288,-0.494665558606
1.0968470672,1.24565468209,0,0,-0.49208107931,-0.391649972402,1.37787236738,-0.174881662288,2.52241521837
0.00109385712484,-0.138257662487,0,0,-0.48296161836,-0.393035397408,-0.664120300573,-0.174881662288,-0.494665558606
0.00204099559036,-0.134919486754,0,0,-0.492670257966,-0.393035397408,-0.664120300573,-0.174881662288,-0.494665558606
0.00156278270591,-0.135678385253,0,0,-0.492670257966,-0.393035397408,-0.664120300573,-0.174881662288,-0.494665558606
0.00204099559036,-0.134919486754,0,0,-0.492670257966,-0.393035397408,-0.664120300573,-0.174881662288,-0.494665558606
0.00264193888598,-0.135060650339,0,0,-0.492670257966,-0.393035397408,-0.664120300573,-0.174881662288,-0.494665558606
0.0032234315441,-0.135666083273,0,0,-0.492183545163,-0.391890915881,-0.664120300573,-0.174881662288,-0.494665558606
0.00109385712484,-0.138257662487,0,0,0.34829261704,0.339011128564,-0.664120300573,-0.174881662288,-0.494665558606
-0.914693981089,-0.868586271692,0,0,0.675056223412,0.371598734139,0.211019414265,-0.174881662288,0.0800164941514
-0.914693981089,-0.868586271692,0,0,0.289067353797,0.183602584418,0.0165439220783,-0.174881662288,-0.0636540190381
-0.914693981089,-0.868586271692,0,0,0.695779942255,1.32778293173,-0.0806938240148,-0.174881662288,-0.350995045417
-0.914693981089,-0.868586271692,0,0,0.317424778715,0.252873834715,-0.0806938240148,-0.174881662288,-0.494665558606
-0.914693981089,-0.868586271692,0,0,1.19637686886,1.3591658199,-0.129312697061,-0.174881662288,-0.494665558606
-0.914693981089,-0.868586271692,0,0,1.29748504966,0.383645908103,0.405494906451,-0.174881662288,1.22938059967
-0.914693981089,-0.868586271692,0,0,3.07900760914,5.13619580135,-0.0806938240148,-0.174881662288,-0.207324532228
-0.914693981089,-0.868586271692,0,0,0.375932780985,0.403644216885,-0.0806938240148,-0.174881662288,-0.207324532228
-0.914693981089,-0.868586271692,0,0,1.76526728672,1.32513255345,1.0861591291,-0.174881662288,0.51102803372
-0.012322060786,-0.141929788106,0,0,-0.492670257966,-0.393035397408,-0.664120300573,-0.174881662288,-0.494665558606
-0.0103038720079,-0.139770049516,0,0,-0.492670257966,-0.393035397408,-0.664120300573,-0.174881662288,-0.494665558606
-0.011740937829,-0.144775131509,0,0,-0.492670257966,-0.393035397408,-0.664120300573,-0.174881662288,-0.494665558606
-0.0111596139474,-0.141291580982,0,0,-0.492670257966,-0.393035397408,-0.664120300573,-0.174881662288,-0.494665558606
-0.012322060786,-0.141929788106,0,0,-0.492670257966,-0.393035397408,-0.664120300573,-0.174881662288,-0.494665558606
-0.011740937829,-0.144775131509,0,0,-0.492670257966,-0.393035397408,-0.664120300573,-0.174881662288,-0.494665558606
-0.0129965011071,-0.144419123733,0,0,-0.492670257966,-0.393035397408,-0.664120300573,-0.174881662288,-0.494665558606
-0.0103038720079,-0.139770049516,0,0,-0.48296161836,-0.393035397408,-0.664120300573,-0.174881662288,-0.494665558606
-0.012322060786,-0.141929788106,0,0,-0.492670257966,-0.393035397408,-0.664120300573,-0.174881662288,-0.494665558606
-0.0111596139474,-0.141291580982,0,0,-0.488187376882,-0.382494120189,-0.664120300573,-0.174881662288,-0.494665558606
-0.011740937829,-0.144775131509,0,0,-0.488494774442,-0.393035397408,-0.664120300573,-0.174881662288,-0.494665558606
-0.012322060786,-0.141929788106,0,0,-0.492260394553,-0.393035397408,-0.664120300573,-0.174881662288,-0.494665558606
-0.0129965011071,-0.144419123733,0,0,-0.492670257966,-0.393035397408,-0.664120300573,-0.174881662288,-0.494665558606
-0.0103038720079,-0.139770049516,0,0,-0.49261902504,-0.393035397408,-0.664120300573,-0.174881662288,-0.494665558606
-0.0111596139474,-0.141291580982,0,0,-0.492670257966,-0.393035397408,-0.664120300573,-0.174881662288,-0.494665558606
-0.0109956687594,-0.140573758177,0,0,-0.492670257966,-0.393035397408,-0.664120300573,-0.174881662288,-0.494665558606
-0.010009515353,-0.139891646008,0,0,-0.492670257966,-0.393035397408,-0.664120300573,-0.174881662288,-0.494665558606
-0.0129965011071,-0.144419123733,0,0,-0.492670257966,-0.393035397408,-0.664120300573,-0.174881662288,-0.494665558606
2.13017294818,2.15768019156,0,0,-0.492670257966,-0.393035397408,0.794445890823,-0.174881662288,1.66039213924
-0.101810954724,-0.205294992075,0,0,-0.354725602878,-0.289429701311,0.0651627951249,-0.174881662288,-0.0636540190381
-0.914693981089,-0.868586271692,0,0,1.41649913834,1.14556942551,3.95467263885,0.319548168264,2.52241521837
-0.914693981089,-0.868586271692,0,0,2.1284318875,0.475746553064,0.211019414265,-0.174881662288,0.0800164941514
-0.914693981089,-0.868586271692,0,0,0.338558360971,0.2137807552,0.0165439220783,-0.174881662288,-0.0636540190381
-0.914693981089,-0.868586271692,0,0,1.14383750254,0.163604275636,0.745827017777,-0.174881662288,1.51672162605
-0.914693981089,-0.868586271692,0,0,-0.492670257966,-0.393035397408,0.648589271684,-0.174881662288,-0.207324532228
1.5205106784,1.43220535448,0,0,-0.354238890074,-0.292682438281,2.30163095527,-0.174881662288,1.51672162605
-1.06969286323,-1.04477301784,0,0,-0.369941782102,-0.295453288293,2.30163095527,-0.174881662288,4.53380240302
1.35862295705,0.996920452229,0,0,-0.492670257966,-0.393035397408,-0.664120300573,-0.174881662288,-0.494665558606
-1.12135915728,-1.07586479657,0,0,-0.491389434799,-0.393035397408,-0.0320749509682,-0.174881662288,-0.350995045417
3.73871690289,3.85736409558,0,0,-0.492670257966,-0.393035397408,1.42649124043,7.73599562655,-0.350995045417
3.01538878621,3.13188925849,0,0,-0.492670257966,-0.393035397408,1.47511011348,6.74713596544,-0.207324532228
-0.914693981089,-0.868586271692,0,0,-0.492670257966,-0.393035397408,1.76682335175,-0.174881662288,0.51102803372
-0.0129965011071,-0.144419123733,0,0,-0.492670257966,-0.393035397408,-0.664120300573,-0.174881662288,-0.494665558606
1.13818010244,1.28711038706,0,0,-0.49208107931,-0.393035397408,1.37787236738,-0.174881662288,2.52241521837
-0.0137235423082,-0.146226057,0,0,-0.48296161836,-0.393035397408,-0.664120300573,-0.174881662288,-0.494665558606
-0.0111596139474,-0.141291580982,0,0,-0.492670257966,-0.393035397408,-0.664120300573,-0.174881662288,-0.494665558606
-0.0121021495202,-0.142143402444,0,0,-0.492670257966,-0.393035397408,-0.664120300573,-0.174881662288,-0.494665558606
-0.0111596139474,-0.141291580982,0,0,-0.492670257966,-0.393035397408,-0.664120300573,-0.174881662288,-0.494665558606
-0.0109956687594,-0.140573758177,0,0,-0.492670257966,-0.393035397408,-0.664120300573,-0.174881662288,-0.494665558606
-0.0103038720079,-0.139770049516,0,0,-0.492183545163,-0.391890915881,-0.664120300573,-0.174881662288,-0.494665558606
-0.0137235423082,-0.146226057,0,0,0.347037410337,0.329313153522,-0.664120300573,-0.174881662288,-0.494665558606
-0.914693981089,-0.868586271692,0,0,0.672648275858,0.374128640671,0.211019414265,-0.174881662288,0.0800164941514
-0.914693981089,-0.868586271692,0,0,0.696266655058,1.13243800589,0.0165439220783,-0.174881662288,-0.0636540190381
-0.914693981089,-0.868586271692,0,0,0.782799068223,1.5104783249,-0.0806938240148,-0.174881662288,-0.350995045417
-0.914693981089,-0.868586271692,0,0,0.315452311038,0.251608881449,-0.0806938240148,-0.174881662288,-0.494665558606
-0.914693981089,-0.868586271692,0,0,1.20398495847,1.17628971912,-0.129312697061,-0.174881662288,-0.494665558606
-0.914693981089,-0.868586271692,0,0,1.51950293743,0.904505474472,0.405494906451,-0.174881662288,1.22938059967
-0.914693981089,-0.868586271692,0,0,3.20814020084,4.27000399328,-0.0806938240148,-0.174881662288,-0.207324532228
-0.914693981089,-0.868586271692,0,0,0.616804385776,0.964741344296,-0.0806938240148,-0.174881662288,-0.207324532228
-0.914693981089,-0.868586271692,0,0,1.03097136507,1.15358079619,1.0861591291,-0.174881662288,0.51102803372
-0.0371234146961,-0.142730339225,0,0,-0.492670257966,-0.393035397408,-0.664120300573,-0.174881662288,-0.494665558606
-0.0346797402088,-0.144198886846,0,0,-0.492670257966,-0.393035397408,-0.664120300573,-0.174881662288,-0.494665558606
-0.0356336354774,-0.146118313623,0,0,-0.492670257966,-0.393035397408,-0.664120300573,-0.174881662288,-0.494665558606
-0.0358759469521,-0.143877650042,0,0,-0.492670257966,-0.393035397408,-0.664120300573,-0.174881662288,-0.494665558606
-0.0371234146961,-0.142730339225,0,0,-0.492670257966,-0.393035397408,-0.664120300573,-0.174881662288,-0.494665558606
-0.0356336354774,-0.146118313623,0,0,-0.492670257966,-0.393035397408,-0.664120300573,-0.174881662288,-0.494665558606
-0.0372898524957,-0.142755979578,0,0,-0.492670257966,-0.393035397408,-0.664120300573,-0.174881662288,-0.494665558606
-0.0346797402088,-0.144198886846,0,0,-0.492670257966,-0.393035397408,-0.664120300573,-0.174881662288,-0.494665558606
-0.0371234146961,-0.142730339225,0,0,-0.492670257966,-0.393035397408,-0.664120300573,-0.174881662288,-0.494665558606
-0.0358759469521,-0.143877650042,0,0,-0.488187376882,-0.382494120189,-0.664120300573,-0.174881662288,-0.494665558606
-0.0356336354774,-0.146118313623,0,0,-0.488494774442,-0.393035397408,-0.664120300573,-0.174881662288,-0.494665558606
-0.0371234146961,-0.142730339225,0,0,-0.492260394553,-0.393035397408,-0.664120300573,-0.174881662288,-0.494665558606
-0.0372898524957,-0.142755979578,0,0,-0.492670257966,-0.393035397408,-0.664120300573,-0.174881662288,-0.494665558606
-0.0346797402088,-0.144198886846,0,0,-0.49261902504,-0.393035397408,-0.664120300573,-0.174881662288,-0.494665558606
-0.0358759469521,-0.143877650042,0,0,-0.492670257966,-0.393035397408,-0.664120300573,-0.174881662288,-0.494665558606
-0.0351767722538,-0.14417934739,0,0,-0.492670257966,-0.393035397408,-0.664120300573,-0.174881662288,-0.494665558606
-0.0342114254381,-0.145133702629,0,0,-0.492670257966,-0.393035397408,-0.664120300573,-0.174881662288,-0.494665558606
-0.0372898524957,-0.142755979578,0,0,-0.492670257966,-0.393035397408,-0.664120300573,-0.174881662288,-0.494665558606
2.17150598341,2.28204730649,0,0,-0.492670257966,-0.393035397408,0.794445890823,-0.174881662288,1.66039213924
-0.156921668376,-0.288206402027,0,0,-0.354725602878,-0.288104512175,0.0651627951249,-0.174881662288,-0.0636540190381
-0.914693981089,-0.868586271692,0,0,1.50689963747,1.51782710102,3.95467263885,1.30840782937,2.52241521837
-0.914693981089,-0.868586271692,0,0,0.927660168413,1.13051045805,0.211019414265,-0.174881662288,0.0800164941514
-0.914693981089,-0.868586271692,0,0,0.286275159293,0.223237786762,0.0165439220783,-0.174881662288,-0.0636540190381
-0.914693981089,-0.868586271692,0,0,0.555888435952,0.15878540605,0.745827017777,-0.174881662288,1.51672162605
-0.914693981089,-0.868586271692,0,0,-0.481527096413,-0.366832794035,0.648589271684,-0.174881662288,-0.207324532228
1.45162228634,1.17310719838,0,0,-0.358235058355,-0.300151686139,2.30163095527,-0.174881662288,1.51672162605
-1.06969286323,-1.06550087033,0,0,-0.369993015029,-0.298465081784,2.30163095527,-0.174881662288,4.53380240302
1.08306938879,0.996920452229,0,0,-0.492670257966,-0.393035397408,-0.664120300573,-0.174881662288,-0.494665558606
-1.12135915728,-1.07586479657,0,0,-0.491389434799,-0.393035397408,-0.0320749509682,-0.174881662288,-0.350995045417
3.72149480487,3.86772802182,0,0,-0.492670257966,-0.393035397408,1.42649124043,6.74713596544,-0.350995045417
3.03949972343,3.15261711098,0,0,-0.492670257966,-0.393035397408,1.47511011348,6.74713596544,-0.207324532228
-0.914693981089,-0.868586271692,0,0,-0.492670257966,-0.393035397408,1.76682335175,-0.174881662288,0.51102803372
-0.0372898524957,-0.142755979578,0,0,-0.492670257966,-0.393035397408,-0.664120300573,-0.174881662288,-0.494665558606
1.11062474562,0.996920452229,0,0,-0.49208107931,-0.393035397408,1.37787236738,-0.174881662288,2.52241521837
-0.0374506632619,-0.144436434944,0,0,-0.492670257966,-0.393035397408,-0.664120300573,-0.174881662288,-0.494665558606
-0.0358759469521,-0.143877650042,0,0,-0.492670257966,-0.393035397408,-0.664120300573,-0.174881662288,-0.494665558606
-0.0364714032873,-0.143571088559,0,0,-0.492670257966,-0.393035397408,-0.664120300573,-0.174881662288,-0.494665558606
-0.0358759469521,-0.143877650042,0,0,-0.492670257966,-0.393035397408,-0.664120300573,-0.174881662288,-0.494665558606
-0.0351767722538,-0.14417934739,0,0,-0.492670257966,-0.393035397408,-0.664120300573,-0.174881662288,-0.494665558606
-0.0346797402088,-0.144198886846,0,0,-0.492183545163,-0.393035397408,-0.664120300573,-0.174881662288,-0.494665558606
-0.0374506632619,-0.144436434944,0,0,0.332410409769,0.320940367617,-0.664120300573,-0.174881662288,-0.494665558606
-0.914693981089,-0.868586271692,0,0,0.274773367253,0.390994684222,0.211019414265,-0.174881662288,0.0800164941514
-0.914693981089,-0.868586271692,0,0,0.696778984325,1.14123244288,0.0165439220783,-0.174881662288,-0.0636540190381
-0.914693981089,-0.868586271692,0,0,0.915159334303,1.81322380664,-0.0806938240148,-0.174881662288,-0.350995045417
-0.914693981089,-0.868586271692,0,0,0.315990256768,0.240164066182,-0.0806938240148,-0.174881662288,-0.494665558606
-0.914693981089,-0.868586271692,0,0,3.13813040653,5.74409619962,-0.129312697061,-0.174881662288,-0.494665558606
-0.914693981089,-0.868586271692,0,0,1.52314047523,0.903662172295,0.405494906451,-0.174881662288,1.22938059967
-0.914693981089,-0.868586271692,0,0,3.20983088742,4.26638984109,-0.0806938240148,-0.174881662288,-0.207324532228
-0.914693981089,-0.868586271692,0,0,0.622183843077,0.725725412834,-0.0806938240148,-0.174881662288,-0.207324532228
-0.914693981089,-0.868586271692,0,0,1.03524931444,1.11141568732,1.0861591291,-0.174881662288,0.51102803372
-0.046745132193,-0.142239859506,0,0,-0.492670257966,-0.393035397408,-0.664120300573,-0.174881662288,-0.494665558606
-0.0464518352712,-0.143006237305,0,0,-0.492670257966,-0.393035397408,-0.664120300573,-0.174881662288,-0.494665558606
-0.0466096206888,-0.144894662125,0,0,-0.492670257966,-0.393035397408,-0.664120300573,-0.174881662288,-0.494665558606
-0.0466223087825,-0.141757094003,0,0,-0.492670257966,-0.393035397408,-0.664120300573,-0.174881662288,-0.494665558606
-0.046745132193,-0.142239859506,0,0,-0.492670257966,-0.393035397408,-0.664120300573,-0.174881662288,-0.494665558606
-0.0466096206888,-0.144894662125,0,0,-0.492670257966,-0.393035397408,-0.664120300573,-0.174881662288,-0.494665558606
-0.0472564425054,-0.143290181247,0,0,-0.492670257966,-0.393035397408,-0.664120300573,-0.174881662288,-0.494665558606
-0.0464518352712,-0.143006237305,0,0,-0.492670257966,-0.393035397408,-0.664120300573,-0.174881662288,-0.494665558606
-0.046745132193,-0.142239859506,0,0,-0.492670257966,-0.393035397408,-0.664120300573,-0.174881662288,-0.494665558606
-0.0466223087825,-0.141757094003,0,0,-0.488187376882,-0.382494120189,-0.664120300573,-0.174881662288,-0.494665558606
-0.0466096206888,-0.144894662125,0,0,-0.488494774442,-0.393035397408,-0.664120300573,-0.174881662288,-0.494665558606
-0.046745132193,-0.142239859506,0,0,-0.492260394553,-0.393035397408,-0.664120300573,-0.174881662288,-0.494665558606
-0.0472564425054,-0.143290181247,0,0,-0.492670257966,-0.393035397408,-0.664120300573,-0.174881662288,-0.494665558606
-0.0464518352712,-0.143006237305,0,0,-0.49261902504,-0.393035397408,-0.664120300573,-0.174881662288,-0.494665558606
-0.0466223087825,-0.141757094003,0,0,-0.492670257966,-0.393035397408,-0.664120300573,-0.174881662288,-0.494665558606
-0.0462956009906,-0.142357500433,0,0,-0.492670257966,-0.393035397408,-0.664120300573,-0.174881662288,-0.494665558606
-0.0465450837469,-0.144290611047,0,0,-0.492670257966,-0.393035397408,-0.664120300573,-0.174881662288,-0.494665558606
-0.0472564425054,-0.143290181247,0,0,-0.492670257966,-0.393035397408,-0.664120300573,-0.174881662288,-0.494665558606
2.157728305,2.28204730649,0,0,-0.492670257966,-0.393035397408,0.794445890823,-0.174881662288,1.66039213924
-0.143143989963,-0.205294992075,0,0,-0.355570946168,-0.288887578482,0.0651627951249,-0.174881662288,-0.0636540190381
-0.914693981089,-0.868586271692,0,0,1.50833415942,1.47927614433,3.95467263885,1.30840782937,2.52241521837
-0.914693981089,-0.868586271692,0,0,0.934038667785,1.13032975044,0.211019414265,-0.174881662288,0.0800164941514
-0.914693981089,-0.868586271692,0,0,0.290143245257,0.222635428064,0.0165439220783,-0.174881662288,-0.0636540190381
-0.914693981089,-0.868586271692,0,0,0.556938710949,0.149870497316,0.745827017777,-0.174881662288,1.51672162605
-0.914693981089,-0.868586271692,0,0,-0.481527096413,-0.366832794035,0.648589271684,-0.174881662288,-0.207324532228
1.45162228634,1.00728437847,0,0,-0.357620263235,-0.306175273122,2.30163095527,-0.174881662288,1.51672162605
-1.06969286323,-1.05513694408,0,0,-0.367149587598,-0.296778477429,2.30163095527,-0.174881662288,4.53380240302
1.08306938879,0.996920452229,0,0,-0.492670257966,-0.393035397408,-0.664120300573,-0.174881662288,-0.494665558606
-1.12135915728,-1.07586479657,0,0,-0.491389434799,-0.393035397408,-0.0320749509682,-0.174881662288,-0.350995045417
3.73182806368,3.85736409558,0,0,-0.492670257966,-0.393035397408,1.42649124043,7.73599562655,-0.350995045417
3.02572204502,3.09043355352,0,0,-0.492670257966,-0.393035397408,1.47511011348,6.74713596544,-0.207324532228
-0.914693981089,-0.868586271692,0,0,-0.492670257966,-0.393035397408,1.76682335175,-0.174881662288,0.51102803372
-0.0472564425054,-0.143290181247,0,0,-0.492670257966,-0.393035397408,-0.664120300573,-0.174881662288,-0.494665558606
1.11062474562,1.28711038706,0,0,-0.49208107931,-0.393035397408,1.37787236738,-0.174881662288,2.52241521837
-0.0476322504988,-0.14452107713,0,0,-0.492670257966,-0.393035397408,-0.664120300573,-0.174881662288,-0.494665558606
-0.0466223087825,-0.141757094003,0,0,-0.492670257966,-0.393035397408,-0.664120300573,-0.174881662288,-0.494665558606
-0.0469241639389,-0.142687280566,0,0,-0.492670257966,-0.393035397408,-0.664120300573,-0.174881662288,-0.494665558606
-0.0466223087825,-0.141757094003,0,0,-0.492670257966,-0.393035397408,-0.664120300573,-0.174881662288,-0.494665558606
-0.0462956009906,-0.142357500433,0,0,-0.492670257966,-0.393035397408,-0.664120300573,-0.174881662288,-0.494665558606
-0.0464518352712,-0.143006237305,0,0,-0.492183545163,-0.393035397408,-0.664120300573,-0.174881662288,-0.494665558606
-0.0476322504988,-0.14452107713,0,0,0.338122881094,0.313471119758,-0.664120300573,-0.174881662288,-0.494665558606
-0.914693981089,-0.868586271692,0,0,0.314991214698,0.500322787953,0.211019414265,-0.174881662288,0.0800164941514
-0.914693981089,-0.868586271692,0,0,0.696292271522,1.14466588746,0.0165439220783,-0.174881662288,-0.0636540190381
-0.914693981089,-0.868586271692,0,0,0.91505686845,1.82135564906,-0.0806938240148,-0.174881662288,-0.350995045417
-0.914693981089,-0.868586271692,0,0,0.333050821353,0.176916402867,-0.0806938240148,-0.174881662288,-0.494665558606
-0.914693981089,-0.868586271692,0,0,3.00820370447,5.73427775284,-0.129312697061,-0.174881662288,-0.494665558606
-0.914693981089,-0.868586271692,0,0,1.51934923865,0.670067469117,0.405494906451,-0.174881662288,1.22938059967
-0.914693981089,-0.868586271692,0,0,3.20811458438,4.24916238232,-0.0806938240148,-0.174881662288,-0.207324532228
-0.914693981089,-0.868586271692,0,0,0.825450479685,1.20050453879,-0.0806938240148,-0.174881662288,-0.207324532228
-0.914693981089,-0.868586271692,0,0,1.00302380356,0.444664844235,1.0861591291,-0.174881662288,0.51102803372
-0.0605707052606,-0.13304519833,0,0,-0.492670257966,-0.393035397408,-0.664120300573,-0.174881662288,-0.494665558606
-0.058960134839,-0.134317353003,0,0,-0.492670257966,-0.393035397408,-0.664120300573,-0.174881662288,-0.494665558606
-0.0600776469276,-0.135194282804,0,0,-0.492670257966,-0.393035397408,-0.664120300573,-0.174881662288,-0.494665558606
-0.059265188713,-0.13396253017,0,0,-0.492670257966,-0.393035397408,-0.664120300573,-0.174881662288,-0.494665558606
-0.0605707052606,-0.13304519833,0,0,-0.492670257966,-0.393035397408,-0.664120300573,-0.174881662288,-0.494665558606
-0.0600776469276,-0.135194282804,0,0,-0.492670257966,-0.393035397408,-0.664120300573,-0.174881662288,-0.494665558606
-0.0605400969998,-0.132089177954,0,0,-0.492670257966,-0.393035397408,-0.664120300573,-0.174881662288,-0.494665558606
-0.058960134839,-0.134317353003,0,0,-0.492670257966,-0.393035397408,-0.664120300573,-0.174881662288,-0.494665558606
-0.0605707052606,-0.13304519833,0,0,-0.492670257966,-0.393035397408,-0.664120300573,-0.174881662288,-0.494665558606
-0.059265188713,-0.13396253017,0,0,-0.488187376882,-0.382494120189,-0.664120300573,-0.174881662288,-0.494665558606
-0.0600776469276,-0.135194282804,0,0,-0.492670257966,-0.393035397408,-0.664120300573,-0.174881662288,-0.494665558606
-0.0605707052606,-0.13304519833,0,0,-0.492260394553,-0.393035397408,-0.664120300573,-0.174881662288,-0.494665558606
-0.0605400969998,-0.132089177954,0,0,-0.492670257966,-0.393035397408,-0.664120300573,-0.174881662288,-0.494665558606
-0.058960134839,-0.134317353003,0,0,-0.49261902504,-0.393035397408,-0.664120300573,-0.174881662288,-0.494665558606
-0.059265188713,-0.13396253017,0,0,-0.492670257966,-0.393035397408,-0.664120300573,-0.174881662288,-0.494665558606
-0.058505394526,-0.133086806039,0,0,-0.492670257966,-0.393035397408,-0.664120300573,-0.174881662288,-0.494665558606
-0.0591323581154,-0.135848046181,0,0,-0.492670257966,-0.393035397408,-0.664120300573,-0.174881662288,-0.494665558606
-0.0605400969998,-0.132089177954,0,0,-0.492670257966,-0.393035397408,-0.664120300573,-0.174881662288,-0.494665558606
2.157728305,2.32350301146,0,0,-0.492670257966,-0.393035397408,0.794445890823,-0.174881662288,1.66039213924
-0.170699346789,-0.163839287099,0,0,-0.357440947992,-0.291297013275,0.0651627951249,-0.174881662288,-0.0636540190381
-0.914693981089,-0.868586271692,0,0,1.51161306672,1.08822487744,3.95467263885,0.813977998817,2.52241521837
-0.914693981089,-0.868586271692,0,0,0.917234267834,1.41801626472,0.211019414265,-0.174881662288,0.0800164941514
-0.914693981089,-0.868586271692,0,0,0.292858590371,0.226550759602,0.0165439220783,-0.174881662288,-0.0636540190381
-0.914693981089,-0.868586271692,0,0,0.553045008521,0.151135450583,0.745827017777,-0.174881662288,1.51672162605
-0.914693981089,-0.868586271692,0,0,-0.481527096413,-0.366832794035,0.648589271684,-0.174881662288,-0.207324532228
1.43095576872,1.04874008345,0,0,-0.357261632748,-0.3032237155,2.30163095527,-0.174881662288,1.51672162605
-1.06969286323,-1.05513694408,0,0,-0.367380135768,-0.294128099157,2.30163095527,-0.174881662288,4.53380240302
1.08306938879,0.996920452229,0,0,-0.492670257966,-0.393035397408,-0.664120300573,-0.174881662288,-0.494665558606
-1.12135915728,-1.07586479657,0,0,-0.491389434799,-0.393035397408,-0.0320749509682,-0.174881662288,-0.350995045417
3.73871690289,3.85736409558,0,0,-0.492670257966,-0.393035397408,1.42649124043,7.73599562655,-0.350995045417
3.06361066065,3.11116140601,0,0,-0.492670257966,-0.393035397408,1.47511011348,6.74713596544,-0.207324532228
-0.914693981089,-0.868586271692,0,0,-0.492670257966,-0.393035397408,1.76682335175,-0.174881662288,0.51102803372
-0.0605400969998,-0.132089177954,0,0,-0.492670257966,-0.393035397408,-0.664120300573,-0.174881662288,-0.494665558606
1.11062474562,1.24565468209,0,0,-0.49208107931,-0.393035397408,1.37787236738,-0.174881662288,2.52241521837
-0.060501131429,-0.132715559837,0,0,-0.492670257966,-0.393035397408,-0.664120300573,-0.174881662288,-0.494665558606
-0.059265188713,-0.13396253017,0,0,-0.492670257966,-0.393035397408,-0.664120300573,-0.174881662288,-0.494665558606
-0.0603615187692,-0.133968392697,0,0,-0.492670257966,-0.393035397408,-0.664120300573,-0.174881662288,-0.494665558606
-0.059265188713,-0.13396253017,0,0,-0.492670257966,-0.393035397408,-0.664120300573,-0.174881662288,-0.494665558606
-0.058505394526,-0.133086806039,0,0,-0.492670257966,-0.393035397408,-0.664120300573,-0.174881662288,-0.494665558606
-0.058960134839,-0.134317353003,0,0,-0.492183545163,-0.393035397408,-0.664120300573,-0.174881662288,-0.494665558606
-0.060501131429,-0.132715559837,0,0,0.336765208537,0.220888587839,-0.664120300573,-0.174881662288,-0.494665558606
-0.914693981089,-0.868586271692,0,0,0.475939453866,0.615794950405,0.211019414265,-0.174881662288,0.0800164941514
-0.914693981089,-0.868586271692,0,0,0.691322677633,1.1523760788,0.0165439220783,-0.174881662288,-0.0636540190381
-0.914693981089,-0.868586271692,0,0,0.918924954414,0.694402760526,-0.0806938240148,-0.174881662288,-0.350995045417
-0.914693981089,-0.868586271692,0,0,0.326441773811,0.17239871263,-0.0806938240148,-0.174881662288,-0.494665558606
-0.914693981089,-0.868586271692,0,0,3.1570865894,5.10131923272,-0.129312697061,-0.174881662288,-0.494665558606
-0.914693981089,-0.868586271692,0,0,1.68047679307,1.04346962616,0.405494906451,-0.174881662288,1.22938059967
-0.914693981089,-0.868586271692,0,0,3.64508021604,1.44271297135,-0.0806938240148,-0.174881662288,-0.207324532228
-0.914693981089,-0.868586271692,0,0,0.734845048849,1.20839543773,-0.0806938240148,-0.174881662288,-0.207324532228
-0.914693981089,-0.868586271692,0,0,0.829651579672,0.441653050744,1.0861591291,-0.174881662288,0.51102803372
-0.0708310411147,-0.122331230477,0,0,-0.492670257966,-0.393035397408,-0.664120300573,-0.174881662288,-0.494665558606
-0.0693262534117,-0.125637202036,0,0,-0.492670257966,-0.393035397408,-0.664120300573,-0.174881662288,-0.494665558606
-0.0708355039344,-0.124896115672,0,0,-0.492670257966,-0.393035397408,-0.664120300573,-0.174881662288,-0.494665558606
-0.0693556434961,-0.121930039437,0,0,-0.492670257966,-0.393035397408,-0.664120300573,-0.174881662288,-0.494665558606
-0.0708310411147,-0.122331230477,0,0,-0.492670257966,-0.393035397408,-0.664120300573,-0.174881662288,-0.494665558606
-0.0708355039344,-0.124896115672,0,0,-0.492670257966,-0.393035397408,-0.664120300573,-0.174881662288,-0.494665558606
-0.0706936512537,-0.123766043518,0,0,-0.492670257966,-0.393035397408,-0.664120300573,-0.174881662288,-0.494665558606
-0.0693262534117,-0.125637202036,0,0,-0.492593408576,-0.392854689799,-0.664120300573,-0.174881662288,-0.494665558606
-0.0708310411147,-0.122331230477,0,0,-0.492670257966,-0.393035397408,-0.664120300573,-0.174881662288,-0.494665558606
-0.0693556434961,-0.121930039437,0,0,-0.488187376882,-0.393035397408,-0.664120300573,-0.174881662288,-0.494665558606
-0.0708355039344,-0.124896115672,0,0,-0.492670257966,-0.393035397408,-0.664120300573,-0.174881662288,-0.494665558606
-0.0708310411147,-0.122331230477,0,0,-0.492260394553,-0.393035397408,-0.664120300573,-0.174881662288,-0.494665558606
-0.0706936512537,-0.123766043518,0,0,-0.492670257966,-0.393035397408,-0.664120300573,-0.174881662288,-0.494665558606
-0.0693262534117,-0.125637202036,0,0,-0.49261902504,-0.393035397408,-0.664120300573,-0.174881662288,-0.494665558606
-0.0693556434961,-0.121930039437,0,0,-0.492670257966,-0.393035397408,-0.664120300573,-0.174881662288,-0.494665558606
-0.0688615770963,-0.123647155465,0,0,-0.492670257966,-0.393035397408,-0.664120300573,-0.174881662288,-0.494665558606
-0.0692232204881,-0.127149074324,0,0,-0.486906553715,-0.379482326698,-0.664120300573,-0.174881662288,-0.494665558606
-0.0706936512537,-0.123766043518,0,0,-0.492670257966,-0.393035397408,-0.664120300573,-0.174881662288,-0.494665558606
2.157728305,2.28204730649,0,0,-0.492670257966,-0.393035397408,0.794445890823,-0.174881662288,1.66039213924
-0.184477025202,-0.205294992075,0,0,-0.356236974215,-0.290092295879,0.0651627951249,-0.174881662288,-0.0636540190381
-0.914693981089,-0.868586271692,0,0,0.915492348327,0.511888074959,3.95467263885,1.80283765992,2.52241521837
-0.914693981089,-0.868586271692,0,0,1.35591620254,2.34558842414,0.211019414265,-0.174881662288,0.0800164941514
-0.914693981089,-0.868586271692,0,0,0.430700779607,0.549535493599,0.0165439220783,-0.174881662288,-0.0636540190381
-0.914693981089,-0.868586271692,0,0,0.686660481306,0.457675792117,0.745827017777,-0.174881662288,1.51672162605
-0.914693981089,-0.868586271692,0,0,-0.481527096413,-0.366832794035,0.648589271684,-0.174881662288,-0.207324532228
1.4171780903,1.17310719838,0,0,-0.356928618725,-0.304187489418,2.30163095527,-0.174881662288,1.51672162605
-1.06969286323,-1.05513694408,0,0,-0.363358351023,-0.288164748044,2.30163095527,-0.174881662288,4.53380240302
1.08306938879,0.996920452229,0,0,-0.492670257966,-0.393035397408,-0.664120300573,-0.174881662288,-0.494665558606
-1.12135915728,-1.07586479657,0,0,-0.491389434799,-0.393035397408,-0.0320749509682,-0.174881662288,-0.350995045417
3.72149480487,3.78481661187,0,0,-0.492670257966,-0.393035397408,1.42649124043,0.813977998817,-0.350995045417
3.04638856264,3.11116140601,0,0,-0.492670257966,-0.393035397408,1.47511011348,0.813977998817,-0.207324532228
-0.914693981089,-0.868586271692,0,0,-0.492670257966,-0.393035397408,1.76682335175,-0.174881662288,0.51102803372
-0.0706936512537,-0.123766043518,0,0,-0.492670257966,-0.393035397408,-0.664120300573,-0.174881662288,-0.494665558606
1.13818010244,0.996920452229,0,0,-0.49208107931,-0.393035397408,1.37787236738,-0.174881662288,2.52241521837
-0.0713009299851,-0.123714990817,0,0,-0.492593408576,-0.392854689799,-0.664120300573,-0.174881662288,-0.494665558606
-0.0693556434961,-0.121930039437,0,0,-0.492670257966,-0.393035397408,-0.664120300573,-0.174881662288,-0.494665558606
-0.0703639020393,-0.121413981549,0,0,-0.492670257966,-0.393035397408,-0.664120300573,-0.174881662288,-0.494665558606
-0.0693556434961,-0.121930039437,0,0,-0.492670257966,-0.393035397408,-0.664120300573,-0.174881662288,-0.494665558606
-0.0688615770963,-0.123647155465,0,0,-0.492670257966,-0.393035397408,-0.664120300573,-0.174881662288,-0.494665558606
-0.0693262534117,-0.125637202036,0,0,-0.492183545163,-0.393035397408,-0.664120300573,-0.174881662288,-0.494665558606
-0.0713009299851,-0.123714990817,0,0,0.33440849391,0.201793817105,-0.664120300573,-0.174881662288,-0.494665558606
-0.914693981089,-0.868586271692,0,0,0.495126184908,0.652900246217,0.211019414265,-0.174881662288,0.0800164941514
-0.914693981089,-0.868586271692,0,0,0.793532366362,1.39765654072,0.0165439220783,-0.174881662288,-0.0636540190381
-0.914693981089,-0.868586271692,0,0,0.929991266577,0.698077148585,-0.0806938240148,-0.174881662288,-0.350995045417
-0.914693981089,-0.868586271692,0,0,0.327133418321,0.176735695258,-0.0806938240148,-0.174881662288,-0.494665558606
-0.914693981089,-0.868586271692,0,0,4.15149207982,7.37690992294,-0.129312697061,-0.174881662288,-0.494665558606
-0.914693981089,-0.868586271692,0,0,1.37008210677,1.0729249665,0.405494906451,-0.174881662288,1.22938059967
-0.914693981089,-0.868586271692,0,0,3.78645747722,1.76611935644,-0.0806938240148,-0.174881662288,-0.207324532228
-0.914693981089,-0.868586271692,0,0,1.41216995604,2.79506848477,-0.0806938240148,-0.174881662288,-0.207324532228
-0.914693981089,-0.868586271692,0,0,0.978329532901,0.799634825108,1.0861591291,-0.174881662288,0.51102803372
-0.122079484584,-0.0386282514756,0,0,-0.492670257966,-0.393035397408,-0.664120300573,-0.174881662288,-0.494665558606
-0.117475396641,-0.0476342062824,0,0,-0.492670257966,-0.393035397408,-0.664120300573,-0.174881662288,-0.494665558606
-0.121619546642,-0.0407647852347,0,0,-0.492670257966,-0.393035397408,-0.664120300573,-0.174881662288,-0.494665558606
-0.119393584733,-0.0425097111315,0,0,-0.492670257966,-0.393035397408,-0.664120300573,-0.174881662288,-0.494665558606
-0.122079484584,-0.0386282514756,0,0,-0.492670257966,-0.393035397408,-0.664120300573,-0.174881662288,-0.494665558606
-0.121619546642,-0.0407647852347,0,0,-0.492670257966,-0.393035397408,-0.664120300573,-0.174881662288,-0.494665558606
-0.122691029803,-0.035261098205,0,0,-0.492670257966,-0.393035397408,-0.664120300573,-0.174881662288,-0.494665558606
-0.117475396641,-0.0476342062824,0,0,-0.492593408576,-0.392854689799,-0.664120300573,-0.174881662288,-0.494665558606
-0.122079484584,-0.0386282514756,0,0,-0.492670257966,-0.393035397408,-0.664120300573,-0.174881662288,-0.494665558606
-0.119393584733,-0.0425097111315,0,0,-0.488187376882,-0.393035397408,-0.664120300573,-0.174881662288,-0.494665558606
-0.121619546642,-0.0407647852347,0,0,-0.492670257966,-0.393035397408,-0.664120300573,-0.174881662288,-0.494665558606
-0.122079484584,-0.0386282514756,0,0,-0.492260394553,-0.393035397408,-0.664120300573,-0.174881662288,-0.494665558606
-0.122691029803,-0.035261098205,0,0,-0.492670257966,-0.393035397408,-0.664120300573,-0.174881662288,-0.494665558606
-0.117475396641,-0.0476342062824,0,0,-0.492670257966,-0.393035397408,-0.664120300573,-0.174881662288,-0.494665558606
-0.119393584733,-0.0425097111315,0,0,-0.492670257966,-0.393035397408,-0.664120300573,-0.174881662288,-0.494665558606
-0.118335676029,-0.0448564874984,0,0,-0.492670257966,-0.393035397408,-0.664120300573,-0.174881662288,-0.494665558606
-0.118285154431,-0.0537582330268,0,0,-0.486906553715,-0.379482326698,-0.664120300573,-0.174881662288,-0.494665558606
-0.122691029803,-0.035261098205,0,0,-0.492670257966,-0.393035397408,-0.664120300573,-0.174881662288,-0.494665558606
2.10261759135,2.11622448658,0,0,-0.492670257966,-0.393035397408,0.794445890823,-0.174881662288,1.66039213924
-0.184477025202,-0.163839287099,0,0,-0.354725602878,-0.284249416506,0.0651627951249,-0.174881662288,-0.0636540190381
-0.914693981089,-0.868586271692,0,0,0.922152628795,0.540439877255,3.95467263885,1.80283765992,2.52241521837
-0.914693981089,-0.868586271692,0,0,1.37208019091,2.13849750369,0.211019414265,-0.174881662288,0.0800164941514
-0.914693981089,-0.868586271692,0,0,0.436541333248,0.558691345812,0.0165439220783,-0.174881662288,-0.0636540190381
-0.914693981089,-0.868586271692,0,0,0.331436984162,0.447254986638,0.745827017777,-0.174881662288,1.51672162605
-0.914693981089,-0.868586271692,0,0,-0.481527096413,-0.366832794035,0.648589271684,-0.174881662288,-0.207324532228
1.4102892511,1.42184142823,0,0,-0.355699028485,-0.298103666565,2.30163095527,-0.174881662288,1.51672162605
-1.06969286323,-1.05513694408,0,0,-0.360412457739,-0.281056915405,2.30163095527,-0.174881662288,4.53380240302
1.08306938879,0.996920452229,0,0,-0.492670257966,-0.393035397408,-0.664120300573,-0.174881662288,-0.494665558606
-1.12135915728,-1.07586479657,0,0,-0.491389434799,-0.393035397408,-0.0320749509682,-0.174881662288,-0.350995045417
3.7524945813,3.79518053811,0,0,-0.492670257966,-0.393035397408,1.42649124043,7.73599562655,-0.350995045417
3.04638856264,3.10079747976,0,0,-0.492670257966,-0.393035397408,1.47511011348,0.813977998817,-0.207324532228
-0.914693981089,-0.868586271692,0,0,-0.492670257966,-0.393035397408,1.76682335175,-0.174881662288,0.51102803372
-0.122691029803,-0.035261098205,0,0,-0.492670257966,-0.393035397408,-0.664120300573,-0.174881662288,-0.494665558606
1.12440242403,1.20419897711,0,0,-0.49208107931,-0.393035397408,1.37787236738,-0.174881662288,2.52241521837
-0.122696840539,-0.030226116285,0,0,-0.492593408576,-0.392854689799,-0.664120300573,-0.174881662288,-0.494665558606
-0.119393584733,-0.0425097111315,0,0,-0.492670257966,-0.393035397408,-0.664120300573,-0.174881662288,-0.494665558606
-0.12043955393,-0.039639781041,0,0,-0.492670257966,-0.393035397408,-0.664120300573,-0.174881662288,-0.494665558606
-0.119393584733,-0.0425097111315,0,0,-0.492670257966,-0.393035397408,-0.664120300573,-0.174881662288,-0.494665558606
-0.118335676029,-0.0448564874984,0,0,-0.492670257966,-0.393035397408,-0.664120300573,-0.174881662288,-0.494665558606
-0.117475396641,-0.0476342062824,0,0,-0.492183545163,-0.393035397408,-0.664120300573,-0.174881662288,-0.494665558606
-0.122696840539,-0.030226116285,0,0,0.327543281734,0.199565089921,-0.664120300573,-0.174881662288,-0.494665558606
-0.914693981089,-0.868586271692,0,0,0.497764680632,0.656574634276,0.211019414265,-0.174881662288,0.0800164941514
-0.914693981089,-0.868586271692,0,0,0.824195272981,0.506165667326,0.0165439220783,-0.174881662288,-0.0636540190381
-0.914693981089,-0.868586271692,0,0,0.951150465297,0.545921341409,-0.0806938240148,-0.174881662288,-0.350995045417
-0.914693981089,-0.868586271692,0,0,0.411104185151,0.383645908103,-0.0806938240148,-0.174881662288,-0.494665558606
-0.914693981089,-0.868586271692,0,0,3.77441773945,7.35871869025,-0.129312697061,-0.174881662288,-0.494665558606
-0.914693981089,-0.868586271692,0,0,1.35909264399,0.577304229588,0.405494906451,-0.174881662288,1.22938059967
-0.914693981089,-0.868586271692,0,0,3.78899350709,1.46825298016,-0.0806938240148,-0.174881662288,-0.207324532228
-0.914693981089,-0.868586271692,0,0,1.41452667066,2.23101979974,-0.0806938240148,-0.174881662288,-0.207324532228
-0.914693981089,-0.868586271692,0,0,0.983324743252,0.519357322817,1.0861591291,-0.174881662288,0.51102803372
-0.120290949039,0.0535150814218,0,0,-0.492670257966,-0.393035397408,-0.664120300573,-0.174881662288,-0.494665558606
-0.120685084789,0.0499058337434,0,0,-0.492670257966,-0.393035397408,-0.664120300573,-0.174881662288,-0.494665558606
-0.120769548846,0.0514539037704,0,0,-0.492670257966,-0.393035397408,-0.664120300573,-0.174881662288,-0.494665558606
-0.119701507808,0.0531822059294,0,0,-0.492670257966,-0.393035397408,-0.664120300573,-0.174881662288,-0.494665558606
-0.120290949039,0.0535150814218,0,0,-0.492055462846,-0.391589736532,-0.664120300573,-0.174881662288,-0.494665558606
-0.120769548846,0.0514539037704,0,0,-0.492670257966,-0.393035397408,-0.664120300573,-0.174881662288,-0.494665558606
-0.119884651043,0.0539010858547,0,0,-0.492670257966,-0.393035397408,-0.664120300573,-0.174881662288,-0.494665558606
-0.120685084789,0.0499058337434,0,0,-0.492593408576,-0.392854689799,-0.664120300573,-0.174881662288,-0.494665558606
-0.120290949039,0.0535150814218,0,0,-0.492670257966,-0.393035397408,-0.664120300573,-0.174881662288,-0.494665558606
-0.119701507808,0.0531822059294,0,0,-0.488187376882,-0.393035397408,-0.664120300573,-0.174881662288,-0.494665558606
-0.120769548846,0.0514539037704,0,0,-0.492670257966,-0.393035397408,-0.664120300573,-0.174881662288,-0.494665558606
-0.120290949039,0.0535150814218,0,0,-0.492260394553,-0.393035397408,-0.664120300573,-0.174881662288,-0.494665558606
-0.119884651043,0.0539010858547,0,0,-0.492670257966,-0.393035397408,-0.664120300573,-0.174881662288,-0.494665558606
-0.120685084789,0.0499058337434,0,0,-0.492670257966,-0.393035397408,-0.664120300573,-0.174881662288,-0.494665558606
-0.119701507808,0.0531822059294,0,0,-0.492670257966,-0.393035397408,-0.664120300573,-0.174881662288,-0.494665558606
-0.120191439756,0.0515120764884,0,0,-0.492670257966,-0.393035397408,-0.664120300573,-0.174881662288,-0.494665558606
-0.120691073486,0.0502888982759,0,0,-0.486906553715,-0.379482326698,-0.664120300573,-0.174881662288,-0.494665558606
-0.119884651043,0.0539010858547,0,0,-0.492670257966,-0.393035397408,-0.664120300573,-0.174881662288,-0.494665558606
2.03372919929,1.99185737165,0,0,-0.492670257966,-0.393035397408,0.794445890823,-0.174881662288,1.66039213924
-0.184477025202,-0.163839287099,0,0,-0.355903960191,-0.283586821938,0.0651627951249,-0.174881662288,-0.0636540190381
-0.914693981089,-0.868586271692,0,0,0.923305369645,0.151436629932,3.95467263885,1.80283765992,2.52241521837
-0.914693981089,-0.868586271692,0,0,1.37553841346,1.49210638461,0.211019414265,-0.174881662288,0.0800164941514
-0.914693981089,-0.868586271692,0,0,0.434825030205,0.540379641386,0.0165439220783,-0.174881662288,-0.0636540190381
-0.914693981089,-0.868586271692,0,0,0.32398259333,0.449242770342,0.745827017777,-0.174881662288,1.51672162605
-0.914693981089,-0.868586271692,0,0,-0.481527096413,-0.393035397408,0.648589271684,-0.174881662288,-0.207324532228
1.37928947467,1.55657246941,0,0,-0.354264506537,-0.295754467642,2.30163095527,-0.174881662288,1.51672162605
-1.06969286323,-1.05513694408,0,0,-0.359541497986,-0.280514792577,2.30163095527,-0.174881662288,4.53380240302
1.22084617292,1.82603455175,0,0,-0.492670257966,-0.393035397408,-0.664120300573,-0.174881662288,-0.494665558606
-1.12135915728,-1.07586479657,0,0,-0.492670257966,-0.393035397408,-0.0320749509682,-0.174881662288,-0.350995045417
3.73527248329,3.74336090689,0,0,-0.492670257966,-0.393035397408,1.42649124043,7.73599562655,-0.350995045417
3.04294414303,3.05934177479,0,0,-0.492670257966,-0.393035397408,1.47511011348,0.813977998817,-0.207324532228
-0.914693981089,-0.868586271692,0,0,-0.492670257966,-0.393035397408,1.76682335175,-0.174881662288,0.51102803372
-0.119884651043,0.0539010858547,0,0,-0.492670257966,-0.393035397408,-0.664120300573,-0.174881662288,-0.494665558606
1.13818010244,1.28711038706,0,0,-0.49208107931,-0.393035397408,1.37787236738,-0.174881662288,2.52241521837
-0.120069949336,0.0526396440266,0,0,-0.492593408576,-0.392854689799,-0.664120300573,-0.174881662288,-0.494665558606
-0.119701507808,0.0531822059294,0,0,-0.492670257966,-0.393035397408,-0.664120300573,-0.174881662288,-0.494665558606
-0.11982527499,0.0538467754266,0,0,-0.492670257966,-0.393035397408,-0.664120300573,-0.174881662288,-0.494665558606
-0.119701507808,0.0531822059294,0,0,-0.492670257966,-0.393035397408,-0.664120300573,-0.174881662288,-0.494665558606
-0.120191439756,0.0515120764884,0,0,-0.492670257966,-0.393035397408,-0.664120300573,-0.174881662288,-0.494665558606
-0.120685084789,0.0499058337434,0,0,-0.492183545163,-0.393035397408,-0.664120300573,-0.174881662288,-0.494665558606
-0.120069949336,0.0526396440266,0,0,0.331155203065,0.198300136655,-0.664120300573,-0.174881662288,-0.494665558606
-0.914693981089,-0.868586271692,0,0,0.493025634914,0.644527460311,0.211019414265,-0.174881662288,0.0800164941514
-0.914693981089,-0.868586271692,0,0,0.821070064453,0.483276036792,0.0165439220783,-0.174881662288,-0.0636540190381
-0.914693981089,-0.868586271692,0,0,0.946488268969,0.23058656288,-0.0806938240148,-0.174881662288,-0.350995045417
-0.914693981089,-0.868586271692,0,0,0.401472394935,0.380995529831,-0.0806938240148,-0.174881662288,-0.494665558606
-0.914693981089,-0.868586271692,0,0,4.10215477143,3.56138922067,-0.129312697061,-0.174881662288,-0.494665558606
-0.914693981089,-0.868586271692,0,0,1.35922072631,0.577906588286,0.405494906451,-0.174881662288,1.22938059967
-0.914693981089,-0.868586271692,0,0,3.7786444559,1.46030184534,-0.0806938240148,-0.174881662288,-0.207324532228
-0.914693981089,-0.868586271692,0,0,1.4117088597,2.19132436152,-0.0806938240148,-0.174881662288,-0.207324532228
-0.914693981089,-0.868586271692,0,0,0.982351317645,0.506466846675,1.0861591291,-0.174881662288,0.51102803372
-0.122589356277,0.0466925916868,0,0,-0.492670257966,-0.393035397408,-0.664120300573,-0.174881662288,-0.494665558606
-0.122557783579,0.0467878810793,0,0,-0.492670257966,-0.393035397408,-0.664120300573,-0.174881662288,-0.494665558606
-0.12247942533,0.0483038367535,0,0,-0.492670257966,-0.393035397408,-0.664120300573,-0.174881662288,-0.494665558606
-0.121894204661,0.0462670661484,0,0,-0.492670257966,-0.393035397408,-0.664120300573,-0.174881662288,-0.494665558606
-0.122589356277,0.0466925916868,0,0,-0.492055462846,-0.391589736532,-0.664120300573,-0.174881662288,-0.494665558606
-0.12247942533,0.0483038367535,0,0,-0.492670257966,-0.393035397408,-0.664120300573,-0.174881662288,-0.494665558606
-0.122915431444,0.0477627154365,0,0,-0.492670257966,-0.393035397408,-0.664120300573,-0.174881662288,-0.494665558606
-0.122557783579,0.0467878810793,0,0,-0.492593408576,-0.392854689799,-0.664120300573,-0.174881662288,-0.494665558606
-0.122589356277,0.0466925916868,0,0,-0.492670257966,-0.393035397408,-0.664120300573,-0.174881662288,-0.494665558606
-0.121894204661,0.0462670661484,0,0,-0.488136143955,-0.392914925668,-0.664120300573,-0.174881662288,-0.494665558606
-0.12247942533,0.0483038367535,0,0,-0.492670257966,-0.393035397408,-0.664120300573,-0.174881662288,-0.494665558606
-0.122589356277,0.0466925916868,0,0,-0.492260394553,-0.393035397408,-0.664120300573,-0.174881662288,-0.494665558606
-0.122915431444,0.0477627154365,0,0,-0.492670257966,-0.393035397408,-0.664120300573,-0.174881662288,-0.494665558606
-0.122557783579,0.0467878810793,0,0,-0.492670257966,-0.393035397408,-0.664120300573,-0.174881662288,-0.494665558606
-0.121894204661,0.0462670661484,0,0,-0.492670257966,-0.393035397408,-0.664120300573,-0.174881662288,-0.494665558606
-0.122262198415,0.046120136766,0,0,-0.492670257966,-0.393035397408,-0.664120300573,-0.174881662288,-0.494665558606
-0.122203487134,0.0494375293721,0,0,-0.486906553715,-0.379482326698,-0.664120300573,-0.174881662288,-0.494665558606
-0.122915431444,0.0477627154365,0,0,-0.492670257966,-0.393035397408,-0.664120300573,-0.174881662288,-0.494665558606
2.0475068777,1.95040166668,0,0,-0.492670257966,-0.393035397408,0.794445890823,-0.174881662288,1.66039213924
-0.239587738854,-0.205294992075,0,0,-0.356441905921,-0.284008473027,0.0651627951249,-0.174881662288,-0.0636540190381
-0.914693981089,-0.868586271692,0,0,1.14040489646,0.698498799674,3.95467263885,1.80283765992,2.52241521837
-0.914693981089,-0.868586271692,0,0,1.16981259637,1.49578077267,0.211019414265,-0.174881662288,0.0800164941514
-0.914693981089,-0.868586271692,0,0,1.33565358004,2.65785117331,0.0165439220783,-0.174881662288,-0.0636540190381
-0.914693981089,-0.868586271692,0,0,0.315477927501,0.433340500708,0.745827017777,-0.174881662288,1.51672162605
-0.914693981089,-0.868586271692,0,0,-0.481527096413,-0.393035397408,0.648589271684,-0.174881662288,-0.207324532228
1.37584505507,1.55657246941,0,0,-0.371120139416,-0.303765838329,2.30163095527,-0.174881662288,1.51672162605
-1.06624844363,-1.05513694408,0,0,-0.358516839452,-0.287200974127,2.30163095527,-0.174881662288,4.53380240302
1.22084617292,1.82603455175,0,0,-0.492670257966,-0.393035397408,-0.664120300573,-0.174881662288,-0.494665558606
-1.12135915728,-1.07586479657,0,0,-0.492670257966,-0.393035397408,-0.0320749509682,-0.174881662288,-0.350995045417
3.73182806368,3.75372483314,0,0,-0.492670257966,-0.393035397408,1.42649124043,6.74713596544,-0.350995045417
3.008499947,3.02824999605,0,0,-0.492670257966,-0.393035397408,1.47511011348,-0.174881662288,-0.207324532228
-0.914693981089,-0.868586271692,0,0,-0.492670257966,-0.393035397408,1.76682335175,-0.174881662288,0.51102803372
-0.122915431444,0.0477627154365,0,0,-0.492670257966,-0.393035397408,-0.664120300573,-0.174881662288,-0.494665558606
1.11062474562,0.996920452229,0,0,-0.49208107931,-0.393035397408,1.37787236738,-0.174881662288,2.52241521837
-0.122713657344,0.048554350124,0,0,-0.492593408576,-0.392854689799,-0.664120300573,-0.174881662288,-0.494665558606
-0.121894204661,0.0462670661484,0,0,-0.492670257966,-0.393035397408,-0.664120300573,-0.174881662288,-0.494665558606
-0.121894940619,0.0473271783453,0,0,-0.492670257966,-0.393035397408,-0.664120300573,-0.174881662288,-0.494665558606
-0.121894204661,0.0462670661484,0,0,-0.492670257966,-0.393035397408,-0.664120300573,-0.174881662288,-0.494665558606
-0.122262198415,0.046120136766,0,0,-0.492670257966,-0.393035397408,-0.664120300573,-0.174881662288,-0.494665558606
-0.122557783579,0.0467878810793,0,0,-0.492183545163,-0.393035397408,-0.664120300573,-0.174881662288,-0.494665558606
-0.122713657344,0.048554350124,0,0,0.323700812233,0.19299938011,-0.664120300573,-0.174881662288,-0.494665558606
-0.914693981089,-0.868586271692,0,0,0.497354817219,0.566582244759,0.211019414265,-0.174881662288,0.0800164941514
-0.914693981089,-0.868586271692,0,0,0.815562524835,0.482673678094,0.0165439220783,-0.174881662288,-0.0636540190381
-0.914693981089,-0.868586271692,0,0,0.942953197028,0.227695241129,-0.0806938240148,-0.174881662288,-0.350995045417
-0.914693981089,-0.868586271692,0,0,0.345064942659,0.368526704778,-0.0806938240148,-0.174881662288,-0.494665558606
-0.914693981089,-0.868586271692,0,0,4.09990052265,3.56066639023,-0.129312697061,-0.174881662288,-0.494665558606
-0.914693981089,-0.868586271692,0,0,1.28206393873,1.48656468458,0.405494906451,-0.174881662288,1.22938059967
-0.914693981089,-0.868586271692,0,0,3.12652614864,1.46048255295,-0.0806938240148,-0.174881662288,-0.207324532228
-0.914693981089,-0.868586271692,0,0,2.47399797797,4.20753939627,-0.0806938240148,-0.174881662288,-0.207324532228
-0.914693981089,-0.868586271692,0,0,0.984682415809,0.520622276083,1.0861591291,-0.174881662288,0.51102803372
-0.122242907369,0.0344209533565,0,0,-0.492670257966,-0.393035397408,-0.664120300573,-0.174881662288,-0.494665558606
-0.122825486167,0.0312336694805,0,0,-0.492670257966,-0.393035397408,-0.664120300573,-0.174881662288,-0.494665558606
-0.123106369401,0.0330251259514,0,0,-0.492670257966,-0.393035397408,-0.664120300573,-0.174881662288,-0.494665558606
-0.122587156441,0.0326928239296,0,0,-0.492670257966,-0.393035397408,-0.664120300573,-0.174881662288,-0.494665558606
-0.122242907369,0.0344209533565,0,0,-0.492055462846,-0.391589736532,-0.664120300573,-0.174881662288,-0.494665558606
-0.123106369401,0.0330251259514,0,0,-0.492670257966,-0.393035397408,-0.664120300573,-0.174881662288,-0.494665558606
-0.123029100736,0.033442985639,0,0,-0.492670257966,-0.393035397408,-0.664120300573,-0.174881662288,-0.494665558606
-0.122825486167,0.0312336694805,0,0,-0.492593408576,-0.392854689799,-0.664120300573,-0.174881662288,-0.494665558606
-0.122242907369,0.0344209533565,0,0,-0.492670257966,-0.393035397408,-0.664120300573,-0.174881662288,-0.494665558606
-0.122587156441,0.0326928239296,0,0,-0.488136143955,-0.392914925668,-0.664120300573,-0.174881662288,-0.494665558606
-0.123106369401,0.0330251259514,0,0,-0.492670257966,-0.393035397408,-0.664120300573,-0.174881662288,-0.494665558606
-0.122242907369,0.0344209533565,0,0,-0.492260394553,-0.393035397408,-0.664120300573,-0.174881662288,-0.494665558606
-0.123029100736,0.033442985639,0,0,-0.492670257966,-0.393035397408,-0.664120300573,-0.174881662288,-0.494665558606
-0.122825486167,0.0312336694805,0,0,-0.492670257966,-0.393035397408,-0.664120300573,-0.174881662288,-0.494665558606
-0.122587156441,0.0326928239296,0,0,-0.492670257966,-0.393035397408,-0.664120300573,-0.174881662288,-0.494665558606
-0.122840775946,0.0302911325722,0,0,-0.449788298334,-0.292200551323,-0.664120300573,-0.174881662288,-0.494665558606
-0.122783258731,0.0325916616456,0,0,-0.486906553715,-0.379482326698,-0.664120300573,-0.174881662288,-0.494665558606
-0.123029100736,0.033442985639,0,0,-0.492670257966,-0.393035397408,-0.664120300573,-0.174881662288,-0.494665558606
2.0475068777,1.95040166668,0,0,-0.492670257966,-0.393035397408,0.794445890823,-0.174881662288,1.66039213924
-0.225810060441,-0.163839287099,0,0,-0.355391630924,-0.274912856683,0.0651627951249,-0.174881662288,-0.0636540190381
-0.914693981089,-0.868586271692,0,0,1.46827001075,1.45939830729,3.95467263885,1.80283765992,2.52241521837
-0.914693981089,-0.868586271692,0,0,1.17426986099,1.218454828,0.211019414265,-0.174881662288,0.0800164941514
